Marka,Ürün Adı,Link,Ana Maddesi,İçindekiler,Besin katkı maddeleri,Analitik Bileşenler,Enerji Değeri
N&D,Quinoa Neutered,https://www.farmina.com/tr/eshop/kedi-mamalari/n&d-quinoa-ked%C4%B0-mamasi/697-neutered.html?_gl=1*agzh2f*_up*MQ..*_gs*MQ..&gclid=CjwKCAjwzLHPBhBTEiwABaLsSoCfIDW3X9CIRRiO7s-zUHK4qxHdT2iJyoNr277Y6xepWNlHaH3GFhoCYw4QAvD_BwE&gbraid=0AAAAABjG8LAa8-KF0WSKGmqsvW7Sl_uq5,Ördek,"kemiksiz ördek (%22), kurutulmuş ördek proteini (%22), patates, kurutulmuş pancar küspesi, kurutulmuş ringa balığı proteini, kinoa çekirdeği (%8), kurutulmuş yumurta, tavuk yağı, bezelye lifi, keten tohumu, balık yağı (ringa balığı), kurutulmuş brokoli (%2.5), kurutulmuş kuşkonmaz (%2.5), selüloz tozu, frukto-oligosakkaritler, maya ekstratı (mannooligosakkarit kaynağı), kurutulmuş bira mayası, fisilyum kabukları ve tohumları, kalsiyum sülfat dihidrat, potasyum klorür, sodyum klorür, glukozamin, kondroitin sülfat.","A Vitamini 22000IU; D3 Vitamini 1500IU; E Vitamini 600mg; C Vitamini 300mg; niasin 150mg; kalsiyum D-pantotenat 50mg; B2 Vitamini 20mg; B6 Vitamini 8.1mg; B1 Vitamini 10mg; Biyotin 1.5mg; folik asit 1.5mg; B12 Vitamini 0.1mg; kolin klorür 2500mg; beta-karoten 5mg; Çinko (metiyonin hidroksi analoğunun çinko şelatı): 130.5mg; Manganez (metiyonin hidroksi analoğunun manganez şalatı): 65.5mg; Demir (glisin hidratın demir (II) şelatı): 43.1mg; Bakır (metiyonin hidroksi analoğunun bakır şelatı):10.8mg; DL-Metiyonin, teknik olarak saf 5000mg; Taurin 2600mg/kg; L- Karnitin 300mg. Antioksidanlar: bitkisel yağlardan tokoferol ekstratları 10mg.",Ham protein %35.00; ham yağ %10.00; ham lif %6.50; nem %8.00; ham kül %8.20; Kalsiyum %1.10; Fosfor %0.90; Potasyum %0.60; Sodyum %0.50; Magnezyum %0.07; Omega-6 yağ asitleri %2.00; Omega-3 yağ asitleri %0.40; DHA %0.15; EPA %0.10; Glukozamin 1200mg/kg; Kondroitin sülfa,"EM Kcal/Kg 3500 - Mj/Kg 14,64"
N&D,Quinoa Weight Management,https://www.farmina.com/tr/eshop/kedi-mamalari/n&d-quinoa-ked%C4%B0-mamasi/439-weight-management-lamb.html?_gl=1*agzh2f*_up*MQ..*_gs*MQ..&gclid=CjwKCAjwzLHPBhBTEiwABaLsSoCfIDW3X9CIRRiO7s-zUHK4qxHdT2iJyoNr277Y6xepWNlHaH3GFhoCYw4QAvD_BwE&gbraid=0AAAAABjG8LAa8-KF0WSKGmqsvW7Sl_uq5,Kuzu,"kuzu (%22), kurutulmuş kuzu proteini (%22), bezelye nişastası, tavuk yağı, kurutulmuş tüm yumurta, bezelye lifi, kinoa çekirdeği ekstratı (%8), ringa balığı, kurutulmuş ringa balığı proteini, balık yağı(ringa balığı), keten tohumu, kurutulmuş brokoli (%2.5), kurutulmuş kuşkonmaz (%2.5), kurutulmuş havuç, yonca unu, inulin, frukto-oligosakkaritler, maya ekstratı (mannanoligosakkarit kaynağı), fisilyum kabukları ve tohumları, potasyum klorür, sodyum klorür, kalsiyum sülfat dihidrat, kurutulmuş bira mayası, aloe vera ekstratı, glikozamin, kondroitin sülfat.","A Vitamini 18000IU; D3 Vitamini 1200IU; E Vitamini 600mg; C Vitamini 300mg; Niasin 150mg; kalsiyum D-pantotenat 50mg; B2 Vitamini 20mg; B6 Vitamini 8.1mg; B1 Vitamini 10mg; Biyotin 1.5mg; folik asit 1.5mg; B12 Vitamini 0.1mg; kolin klorür 2800mg; Beta-karoten 1.5mg; Çinko (metiyonin hidroksi analoğunun çinko şelatı): 163.80mg; Manganez (metiyonin hidroksi analoğunun manganez şalatı): 64.60mg; Demir (glisin hidratın demir (II) şelatı): 58.30mg; Bakır (metiyonin hidroksi analoğunun bakır şelatı): 15.80mg; DL-Metiyonin, teknik olarak saf 5000mg; Taurin 5000mg; Duyusal katkı maddeleri: yeşil çay ekstratı 100mg; biberiye ekstratı. Antioksidanlar: bitkisel yağlardan tokoferol ekstratları.","Ham protein %40.00; ham yağ %9.00; ham lif %10.00; nem %8.00; ham kül %7.90; kalsiyum %1.00; fosfor %0.80; sodyum %0.30; potasyum %0.70; magnezyum %0.08; Omega-6 yağ asitleri %2.00; Omega-3 yağ asitleri %0.45; DHA %0.30; EPA %0.10; Glukozamin 1200mg/kg; Kondroitin sülfat 900mg/kg.


","EM Kcal/Kg 3341 - Mj/Kg 13,98"
N&D,Prime Neutered,https://www.farmina.com/tr/eshop/kedi-mamalari/n&d-prime-ked%C4%B0-mamasi/146-chicken-&-pomegranate-neutered.html?_gl=1*1vnh3m3*_up*MQ..*_gs*MQ..&gclid=CjwKCAjwzLHPBhBTEiwABaLsSoCfIDW3X9CIRRiO7s-zUHK4qxHdT2iJyoNr277Y6xepWNlHaH3GFhoCYw4QAvD_BwE&gbraid=0AAAAABjG8LAa8-KF0WSKGmqsvW7Sl_uq5,Tavuk,"kemiksiz tavuk (%30), kurutulmuş tavuk proteini (%28), tatlı patates, tavuk yağı, kurutulmuş yumurta, ringa balığı, kurutulmuş ringa balığı proteini, balık yağı (ringa balığı), bezelye lifi, kurutulmuş havuç, yonca, inulin, fruktooligosakkarit, maya ekstratı (mannooligosakkarit kaynağı), kurutulmuş nar (%0.5), kurutulmuş elma, kurutulmuş ıspanak, fisilyum kabukları ve tohumları (%0.3), kurutulmuş tatlı portakal, kurutulmuş yaban mersini, sodyum klorür, kurutulmuş bira mayası, zerdeçal (%0.2), aloe vera ekstraktı.",A Vitamini 18000IU; D3 Vitamini 1200IU; E Vitamini 600mg; C Vitamini 300mg; Niasin 150mg; kalsiyum D-pantotenat 50mg; B2 Vitamini 20mg; B6 Vitamini 8.1mg; B1 Vitamini 10mg; biyotin 1.5mg; Folik asit 1.5mg; B12 Vitamini 0.1mg; kolin klorür 2800mg; Beta‐karoten 1.5mg; Çinko (metiyonin hidroksi analoğunun çinko şelatı): 163.8mg; Mangenez (metiyonin hidroksi analoğunun mangan şelatı): 64.6mg; Demir ( glisin hidratın demir (II) şelatı): 58.3mg; Bakır (metiyonin hidroksi analoğunun bakır şelatı) 15.8mg; Teknik olarak saf DL‐metiyonin 5000mg; Taurin 5000mg; L‐Karnitin 400mg. Organoleptik katkı maddeleri: yeşil çay ekstraktı 100mg; biberiye ekstraktı. Antioksidanlar: bitkisel yağlardan gelen tokoferol.,Ham protein %46.00; Ham yağ %11.00; Ham lif% 5.10; Nem %8.00; Ham kül %8.90; Kalsiyum %1.10; Fosfor %0.90; Magnezyum %0.08; Omega‐6 %2.00; Omega‐3 %0.45; DHA %0.30; EPA %0.10.,"EM Kcal/Kg 3643 - Mj/Kg 15,24"
N&D,Prime Adult Tavuklu,https://www.farmina.com/tr/eshop/kedi-mamalari/n&d-prime-ked%C4%B0-mamasi/145-chicken-&-pomegranate-adult.html?_gl=1*zh7vov*_up*MQ..*_gs*MQ..&gclid=CjwKCAjwzLHPBhBTEiwABaLsSoCfIDW3X9CIRRiO7s-zUHK4qxHdT2iJyoNr277Y6xepWNlHaH3GFhoCYw4QAvD_BwE&gbraid=0AAAAABjG8LAa8-KF0WSKGmqsvW7Sl_uq5,Tavuk,"kemiksiz tavuk (%30), kurutulmuş tavuk proteini (%28), tatlı patates, tavuk yağı, kurutulmuş yumurta, ringa balığı, kurutulmuş ringa balığı proteini, balık yağı (ringa balığı), bezelye lifi, kurutulmuş havuç, yonca, inulin, fruktooligosakkarit, maya ekstratı (mannooligosakkarit kaynağı), kurutulmuş nar (%0.5), kurutulmuş elma, kurutulmuş ıspanak, fisilyum kabukları ve tohumları (%0.3), kurutulmuş tatlı portakal, kurutulmuş yaban mersini, sodyum klorür, kurutulmuş bira mayası, zerdeçal (%0.2), aloe vera ekstraktı.",A Vitamini 18000IU; D3 Vitamini 1200IU; E Vitamini 600mg; C Vitamini 300mg; Niasin 150mg; kalsiyum D-pantotenat 50mg; B2 Vitamini 20mg; B6 Vitamini 8.1mg; B1 Vitamini 10mg; biyotin 1.5mg; Folik asit 1.5mg; B12 Vitamini 0.1mg; kolin klorür 2500mg; Beta‐karoten 1.5mg; Çinko (metiyonin hidroksi analoğunun çinko şelatı): 163.8mg; Mangenez (metiyonin hidroksi analoğunun mangan şelatı): 64.6mg; Demir ( glisin hidratın demir (II) şelatı): 58.3mg; Bakır (metiyonin hidroksi analoğunun bakır şelatı) 15.8mg; Teknik olarak saf DL‐metiyonin 5000mg; Taurin 4000mg; L‐Karnitin 300mg. Organoleptik katkı maddeleri: yeşil çay ekstraktı 100mg; biberiye ekstraktı. Antioksidanlar: bitkisel yağlardan gelen tokoferol.,Ham protein %44.00; Ham yağ %20.00; Ham lif% 1.80; Nem %8.00; Ham kül %8.50; Kalsiyum %1.10; Fosfor %0.90; Magnezyum %0.08; Omega‐6 %3.30; Omega‐3 %0.90; DHA %0.50; EPA %0.30.,"EM Kcal/Kg 4204 - Mj/Kg 17,59"
N&D,Prime Adult Kuzulu,https://www.farmina.com/tr/eshop/kedi-mamalari/n&d-prime-ked%C4%B0-mamasi/149-lamb-&-blueberry-adult.html?_gl=1*1inicok*_up*MQ..*_gs*MQ..&gclid=CjwKCAjwzLHPBhBTEiwABaLsSoCfIDW3X9CIRRiO7s-zUHK4qxHdT2iJyoNr277Y6xepWNlHaH3GFhoCYw4QAvD_BwE&gbraid=0AAAAABjG8LAa8-KF0WSKGmqsvW7Sl_uq5,Kuzu,"kuzu (%28), kurutulmuş kuzu proteini (%26), tatlı patates, tavuk yağı, kurutulmuş yumurta, ringa balığı, kurutulmuş ringa balığı proteini, balık yağı (ringa balığı), bezelye lifi, kurutulmuş havuç, yonca, inulin, fruktooligosakkarit, maya ekstratı (mannooligosakkarit kaynağı), kurutulmuş yaban mersini (%0.5), kurutulmuş tatlı portakal, kurutulmuş elma, kurutulmuş nar, kurutulmuş ıspanak, fisilyum kabukları ve tohumları (%0.3), sodyum klorür, kurutulmuş bira mayası, zerdeçal (%0.2), aloe vera ekstraktı.",A Vitamini 18000IU; D3 Vitamini 1200IU; E Vitamini 600mg; C Vitamini 300mg; Niasin 150mg; kalsiyum D-pantotenat 50mg; B2 Vitamini 20mg; B6 Vitamini 8.1mg; B1 Vitamini 10mg; biyotin 1.5mg; Folik asit 1.5mg; B12 Vitamini 0.1mg; kolin klorür 2500mg; Beta‐karoten 1.5mg; Çinko (metiyonin hidroksi analoğunun çinko şelatı): 163.8mg; Mangenez (metiyonin hidroksi analoğunun mangan şelatı): 64.6mg; Demir ( glisin hidratın demir (II) şelatı): 58.3mg; Bakır (metiyonin hidroksi analoğunun bakır şelatı) 15.8mg; Teknik olarak saf DL‐metiyonin 5000mg; Taurin 4000mg; L‐Karnitin 300mg. Organoleptik katkı maddeleri: yeşil çay ekstraktı 100mg; biberiye ekstraktı. Antioksidanlar: bitkisel yağlardan gelen tokoferol.,Ham protein %42.00; Ham yağ %20.00; Ham lif% 1.80; Nem %8.00; Ham kül %8.90; Kalsiyum %1.20; Fosfor %1.00; Magnezyum %0.09; Omega‐6 %3.40; Omega‐3 %0.90; DHA %0.50; EPA %0.30.,"EM Kcal/Kg 4178 - Mj/Kg 17,48"
N&D,Ocean Adult,https://www.farmina.com/tr/eshop/kedi-mamalari/n&d-ocean-ked%C4%B0-mamasi/494-herring-&-orange-adult.html?_gl=1*16t646m*_up*MQ..*_gs*MQ..&gclid=CjwKCAjwzLHPBhBTEiwABaLsSoCfIDW3X9CIRRiO7s-zUHK4qxHdT2iJyoNr277Y6xepWNlHaH3GFhoCYw4QAvD_BwE&gbraid=0AAAAABjG8LAa8-KF0WSKGmqsvW7Sl_uq5,Ringa Balığı,"ringa balığı (%32), kurutulmuş ringa balığı proteini (%30), tatlı patates, balık yağı (ringa balığı), kurutulmuş yumurta, bezelye lifi, kurutulmuş havuç, yonca, inulin, fruktooligosakkarit, maya ekstraktı (mannooligosakkarit kaynağı), kurutulmuş tatlı portakal (%0.5), kurutulmuş elma, kurutulmuş nar, kurutulmuş ıspanak, fisilyum kabukları ve tohumları (%0.3), kurutulmuş yaban mersini, sodyum klorür, kurutulmuş bira mayası, zerdeçal (%0.2), aloe vera ekstraktı.","A Vitamini 18000IU; D3 Vitamini 1200IU; E Vitamini 600mg; C Vitamini 300mg; Niasin 150mg; Kalsiyum D-pantotenat 50mg; B2 Vitamini 20mg; B6 Vitamini 8.1mg; B1 Vitamini 10mg; Biyotin 1.5mg; Folik asit 1.5mg; B12 Vitamini 0.1mg; kolin klorür 2500mg; betakaroten 1.5mg; çinko (metiyonin hidroksi analoğunun çinko şelatı): 163.80mg; manganez (metiyonin hidroksi analogunun mangan şelatı): 64.60mg; demir [demir (II) glisin hidrat şelatı]: 58.30mg; bakır (metiyonin hidroksi analoğunun bakır şelatı): 15.80mg; DL – Metiyonin, teknik olarak saf 5000mg; taurin 4000mg; L-Karnitin 300mg. Organoleptik katkı maddeleri: yeşil çay ekstraktı 100mg; Biberiye ekstraktı. Antioksidanlar: bitkisel yağlardan gelen tokoferol ekstraktı.",Ham protein %44.00; Ham yağ %20.00; Ham lif %1.80; Nem %8.00; Ham kül %8.50; Kalsiyum %1.00; Fosfor %0.90; Magnezyum %0.08; Omega-6 %3.10; Omega-3 %1.40; DHA %0.80; EPA %0.50.,"EM Kcal/Kg 4204 - Mj/Kg 17,59"
N&D,Ocean Adult,"https://www.farmina.com/tr/eshop/kedi-mamalari/n&d-ocean-ked%C4%B0-mamasi/495-herring,-pumpkin-&-orange-adult.html?_gl=1*16t646m*_up*MQ..*_gs*MQ..&gclid=CjwKCAjwzLHPBhBTEiwABaLsSoCfIDW3X9CIRRiO7s-zUHK4qxHdT2iJyoNr277Y6xepWNlHaH3GFhoCYw4QAvD_BwE&gbraid=0AAAAABjG8LAa8-KF0WSKGmqsvW7Sl_uq5",Ringa Balığı,"ringa balığı (%32), kurutulmuş ringa balığı proteini (%30), bezelye nişastası, balık yağı (ringa balığı), kurutulmuş balkabağı (%5), kurutulmuş yumurta, kurutulmuş havuç, yonca, inulin, fruktooligosakkarit, maya ekstraktı (mannooligosakkarit kaynağı), kurutulmuş tatlı portakal (%0.5), kurutulmuş nar, kurutulmuş ıspanak, fisilyum kabukları ve tohumları (%0.3), kurutulmuş yaban mersini, kurutulmuş elma, sodyum klorür, kurutulmuş bira mayası, zerdeçal (%0.2), aloe vera ekstraktı.","Vitamin A 18000IU; Vitamin D3 1200IU; Vitamin E 600mg; Vitamin C 300mg; Niasin 150mg; Kalsiyum D-pantotenat 50mg; Vitamin B2 20mg; Vitamin B6 8.1mg; Vitamin B1 10mg; Biyotin 1.5mg; folik asit 1.5mg; Vitamin B12 0.1mg; kolin klorür 2500mg; betakaroten 1.5mg; çinko (metiyonin hidroksi analoğunun çinko şelatı): 163.80mg; manganez (metiyonin hidroksi analogunun mangan şelatı): 64.60mg; demir [demir (II) glisin hidrat şelatı]: 58.30mg; bakır (metiyonin hidroksi analoğunun bakır şelatı): 15.80mg; DL – Metiyonin, teknik olarak saf 5000mg; taurin 4000mg; L-Karnitin 300mg. Organoleptik katkı maddeleri: yeşil çay ekstraktı 100mg; biberiye ekstraktı. Antioksidanlar: bitkisel yağlardan gelen tokoferol ekstraktı.",Ham protein %44.00; Ham yağ %20.00; Ham lif %1.80; Nem %8.00; Ham kül %8.70; Kalsiyum %1.00; Fosfor %0.90; Omega-6 %3.10; Omega-3 %1.40; DHA %0.80; EPA %0.50.,"EM Kcal/Kg 4197 - Mj/Kg 17,56"
N&D,Ocean Adult Morina,https://www.farmina.com/tr/eshop-cat/kedi-mamalari/64-N&D-OCEAN-KED%C4%B0-MAMASI.html?_gl=1*1gcuujq*_up*MQ..*_gs*MQ..&gclid=CjwKCAjwzLHPBhBTEiwABaLsSoCfIDW3X9CIRRiO7s-zUHK4qxHdT2iJyoNr277Y6xepWNlHaH3GFhoCYw4QAvD_BwE&gbraid=0AAAAABjG8LAa8-KF0WSKGmqsvW7Sl_uq5,Morina Balığı,"morina balığı (%27), kurutulmuş morina balığı proteini (%26), balık yağı (ringa balığı), kılçıksız buğday (%10), yulaf (%10), kurutulmuş pancar posası, kurutulmuş havuç, yonca, inulin, fruktooligosakkarit, maya ekstraktı (mannooligosakkarit kaynağı), kurutulmuş tatlı portakal (%0.5), kurutulmuş elma, kurutulmuş nar, kurutulmuş ıspanak, fisilyum kabukları ve tohumları (%0.3), kurutulmuş yaban mersini, sodyum klorür, kurutulmuş bira mayası, zerdeçal (%0.2), aloe vera ekstraktı.","A Vitamini 18000IU; D3 Vitamini 1200IU; E Vitamini 600mg; C Vitamini 300mg; Niasin 150mg; Kalsiyum D-pantotenat 50mg; B2 Vitamini 20mg; B6 Vitamini 8.1mg; B1 Vitamini 10mg; Biyotin 1.5mg; folik asit 1.5mg; B12 Vitamini 0.1mg; kolin klorür 2500mg; betakaroten 1.5mg; çinko (metiyonin hidroksi analoğunun çinko şelatı): 163.80mg; manganez (metiyonin hidroksi analogunun mangan şelatı): 64.60mg; demir [demir (II) glisin hidrat şelatı]: 58.30mg; bakır (metiyonin hidroksi analoğunun bakır şelatı): 15.80mg; DL – Metiyonin, teknik olarak saf 5000mg; taurin 4000mg; L-Karnitin 300mg. Organoleptik katkı maddeleri: yeşil çay ekstraktı 100mg; biberiye ekstraktı. Antioksidanlar: bitkisel yağlardan gelen tokoferol ekstraktı.",Ham protein %36.00; Ham yağ %20.00; Ham lif %1.90; Nem %8.00; Ham kül %8.00; Kalsiyum %1.00; Fosfor %0.90; Magnezyum %0.08; Omega-6 %1.80; Omega-3 %2.50; DHA %1.10; EPA %0.80.,"EM Kcal/Kg 4168 - Mj/Kg 17,44"
N&D,Ocean Neutered Ringa Balığı,"https://www.farmina.com/tr/eshop/kedi-mamalari/n&d-ocean-ked%C4%B0-mamasi/708-neutered,-herring-&-orange-adult.html?_gl=1*16t646m*_up*MQ..*_gs*MQ..&gclid=CjwKCAjwzLHPBhBTEiwABaLsSoCfIDW3X9CIRRiO7s-zUHK4qxHdT2iJyoNr277Y6xepWNlHaH3GFhoCYw4QAvD_BwE&gbraid=0AAAAABjG8LAa8-KF0WSKGmqsvW7Sl_uq5",Ringa Balığı,"ringa balığı (%34), kurutulmuş ringa balığı proteini (%32), tatlı patates, kurutulmuş yumurta, balık yağı (ringa balığı), kurutulmuş pancar posası, kurutulmuş havuç, yonca, inulin, fruktooligosakkarit, maya ekstraktı (mannooligosakkarit kaynağı), kurutulmuş tatlı portakal (%0.5), kurutulmuş elma, kurutulmuş nar, kurutulmuş ıspanak, fisilyum kabukları ve tohumları, kurutulmuş yaban mersini, sodyum klorür, kurutulmuş bira mayası, zerdeçal (%0.2), aloe vera ekstraktı.", A Vitamini 18000IU; D3 Vitamini 1200IU; E Vitamini 600mg; C Vitamini 300mg; Niasin 150mg; Kalsiyum D-pantotenat 50mg; B2 Vitamini 20mg; B6 Vitamini 8.1mg; B1 Vitamini 10mg; Biyotin 1.5mg; Folik asit 1.5mg; B12 Vitamini 0.1mg; kolin klorür 2800mg; betakaroten 1.5mg; çinko (metiyonin hidroksi analoğunun çinko şelatı): 163.80mg; manganez (metiyonin hidroksi analogunun mangan şelatı): 64.60mg; demir [demir (II) glisin hidrat şelatı]: 58.30mg; bakır (metiyonin hidroksi analoğunun bakır şelatı): 15.80mg; Teknik olarak saf DL–Metiyonin 5000mg; taurin 5000mg; L-Karnitin 400mg. Organoleptik katkı maddeleri: yeşil çay ekstraktı 100mg; biberiye ekstraktı. Antioksidanlar: bitkisel yağlardan gelen tokoferol ekstraktı ekstraktı.,Ham protein %46.00; Ham yağ %11.00; Ham lif %5.10; Nem %8.00; Ham kül %8.90; Kalsiyum %1.00; Fosfor %0.90; Magnezyum %0.08; Omega-6 %1.80; Omega-3 %0.60; DHA %0.35; EPA %0.15.,"EM Kcal/Kg 3643 - Mj/Kg 15,24"
N&D,Ocean Neutered Somonlu,"https://www.farmina.com/tr/eshop/kedi-mamalari/n&d-ocean-ked%C4%B0-mamasi/632-neutered,-salmon-adult.html?_gl=1*16t646m*_up*MQ..*_gs*MQ..&gclid=CjwKCAjwzLHPBhBTEiwABaLsSoCfIDW3X9CIRRiO7s-zUHK4qxHdT2iJyoNr277Y6xepWNlHaH3GFhoCYw4QAvD_BwE&gbraid=0AAAAABjG8LAa8-KF0WSKGmqsvW7Sl_uq5",Somon,"Kurutulmuş somon balığı proteini (%27), somon balığı (%21), kılçıksız buğday (%10), yulaf (%10), kurutulmuş tavuk proteini, kurutulmuş ringa balığı proteini, kurutulmuş yumurta, kurutulmuş pancar küspesi, tavuk yağı, balık yağı (somon balığı), kurutulmuş yonca, kurutulmuş havuç, inulin, fruktooligosakkaritler, maya ekstraktı (mannooligosakkarit kaynağı), kurutulmuş tatlı portakal (%0.5), kurutulmuş elma, kurutulmuş ıspanak, fisilyum kabukları ve tohumları (%0.3), kurutulmuş nar, kurutulmuş yaban mersini, sodyum klorür, kurutulmuş bira mayası, zerdeçal (%0.2), aloe vera ekstraktı, glukozamin, kondroitin sülfat.","A Vitamini 18000IU; D3 Vitamini 1200IU; E Vitamini 600mg; C Vitamini 300mg; Niasin 150mg; kalsiyum D-pantotenat 50mg; B2 Vitamini 20mg; B6 Vitamini 8.1mg; B1 Vitamini 10mg; Biyotin 1.5mg; Folik asit 1.5mg; B12 Vitamini 0.1mg; kolin klorür 2800mg; Beta-karoten 1.5mg; çinko (metiyonin hidroksi analoğunun çinko şelatı): 163.80mg; manganez (metiyonin hidroksi analoğunun mangan şelatı): 64.60mg; demir [glisin (II) hidratın demir şelatı]: 58.30mg; bakır (metiyonin hidroksi analoğunun bakır şelatı): 15.80mg; DL – Metiyonin, teknik olarak saf 5000mg; Taurin 5000mg; L-Karnitin 400mg. Organoleptik Katkı Maddeleri: yeşil çay ekstresi 100mg; biberiye ekstraktı. Antioksidanlar: bitkisel yağlardan gelen tokoferol.",Ham protein %38.00; Ham yağlar %10.00; Ham lifler %5.50; Nem %8.00; Ham kül %8.30; Kalsiyum %1.10; Fosfor %0.90; Magnezyum %0.08; Omega-6 %1.80; Omega-3 %0.55; DHA %0.25; EPA %0.15; Glukozamin 1200mg/kg; Kondroitin sülfat 900mg/kg.,"EM Kcal/Kg 3557 - Mj/Kg 14,88"
N&D,Pumpkin Neutered Kuzu,https://www.farmina.com/tr/eshop-cat/kedi-mamalari/55--N&D-PUMPKIN-KED%C4%B0-MAMASI.html?_gl=1*1jx839e*_up*MQ..*_gs*MQ..&gclid=CjwKCAjwzLHPBhBTEiwABaLsSoCfIDW3X9CIRRiO7s-zUHK4qxHdT2iJyoNr277Y6xepWNlHaH3GFhoCYw4QAvD_BwE&gbraid=0AAAAABjG8LAa8-KF0WSKGmqsvW7Sl_uq5,Kuzu,"kuzu (%32), kurutulmuş kuzu proteini (%30), tatlı patates, kurutulmuş ringa balığı proteini, kurutulmuş bal kabağı (%5), kurutulmuş yumurta, tavuk yağı, balık yağı (ringa sitesinden), kurutulmuş pancar küspesi, kurutulmuş havuç, yonca, inulin, fruktooligosakkarit, maya ekstraktı (mannooligosakkarit kaynağı), kurutulmuş yaban mersini (%0.5), kurutulmuş nar, kurutulmuş ıspanak, fisilyum kabukları ve tohumları, kurutulmuş tatlı portakal, kurutulmuş elma, sodyum klorür, kurutulmuş bira mayası, zerdeçal (%0.2), aloe vera ekstraktı.",A Vitamini 18000IU; D3 Vitamini 1200IU; E Vitamini 600mg; C Vitamini 300mg; Niasin 150mg; kalsiyum D-pantotenat 50mg; B2 Vitamini 20mg; B6 Vitamini 8.1mg; B1 Vitamini 10mg; biyotin 1.5mg; Folik asit 1.5mg; B12 Vitamini 0.1mg; kolin klorür 2800mg; Beta‐karoten 1.5mg; Çinko (metiyonin hidroksi analoğunun çinko şelatı): 163.8mg; Mangenez (metiyonin hidroksi analoğunun mangan şelatı): 64.6mg; Demir ( glisin hidratın demir (II) şelatı): 58.3mg; Bakır (metiyonin hidroksi analoğunun bakır şelatı) 15.8mg; Teknik olarak saf DL‐metiyonin 5000mg; Taurin 5000mg; L‐Karnitin 400mg. Organoleptik katkı maddeleri: yeşil çay ekstraktı 100mg; biberiye ekstraktı. Antioksidanlar: bitkisel yağlardan gelen tokoferol.,Ham protein %46.00; Ham yağ %11.00; Ham lif % 5.10; Nem %8.00; Ham kül %8.90; Kalsiyum %1.20; Fosfor %1.00; magnezyum %0.09; Omega‐6 %2.00; Omega‐3 %0.45; DHA %0.30; EPA %0.10.,"EM Kcal/Kg 3646 - Mj/Kg 15,25"
N&D,Pumpkin Neutered Bıldırcın,"https://www.farmina.com/tr/eshop/kedi-mamalari/-n&d-pumpkin-ked%C4%B0-mamasi/435-quail,-pumpkin-and-pomegranate-neutered.html?_gl=1*10jh4nd*_up*MQ..*_gs*MQ..&gclid=CjwKCAjwzLHPBhBTEiwABaLsSoCfIDW3X9CIRRiO7s-zUHK4qxHdT2iJyoNr277Y6xepWNlHaH3GFhoCYw4QAvD_BwE&gbraid=0AAAAABjG8LAa8-KF0WSKGmqsvW7Sl_uq5",Bıldırcın,"bıldırcın (%32), kurutulmuş bıldırcın proteini (%30), bezelye nişastası, kurutulmuş bal kabağı (%5), kurutulmuş yumurta, tavuk yağı, ringa balığı, kurutulmuş ringa balığı proteini, balık yağı (ringa balığı), kurutulmuş havuç, yonca unu, inulin, fruktooligosakkarit, maya ekstratı (mannanooligosakkarit kaynağı), kurutulmuş nar (%0.5), kurutulmuş elma, kurutulmuş ıspanak, fisilyum kabuk ve tohumları (%0.3), kurutulmuş tatlı portakal, kurutulmuş yaban mersini, sodyum klorür, kurutulmuş bira mayası, zerdeçal (%0.2), aloe vera ekstratı.",A Vitamini 18000IU; D3 Vitamini 1200IU; E Vitamini 600mg; C Vitamini 300mg; Niasin 150mg; kalsiyum D-pantotenat 50mg; B2 Vitamini 20mg; B6 Vitamini 8.1mg; B1 Vitamini 10mg; biyotin 1.5mg; Folik asit 1.5mg; B12 Vitamini 0.1mg; kolin klorür 2800mg; Beta‐karoten 1.5mg; Çinko (metiyonin hidroksi analoğunun çinko şelatı): 163.8mg; Mangenez (metiyonin hidroksi analoğunun mangan şelatı): 64.6mg; Demir (glisin hidratın demir (II) şelatı): 58.3mg; Bakır (metiyonin hidroksi analoğunun bakır şelatı) 15.8mg; Teknik olarak saf DL‐metiyonin 5000mg; Taurin 5000mg; L‐Karnitin 400mg. Organoleptik katkı maddeleri: yeşil çay ekstratı 100mg; biberiye ekstratı. Antioksidanlar: bitkisel yağlardan gelen tokoferol.,Ham protein %46.00; Ham yağ %11.00; Ham lif % 5.50; Nem %8.00; Ham kül %8.70; Kalsiyum %1.10; Fosfor %0.90; magnezyum %0.09; Omega‐6 %2.00; Omega‐3 %0.45; DHA %0.30; EPA %0.10,"EM Kcal/Kg 3631 - Mj/Kg 15,19"
N&D,Ancestral Grain Tavuk,https://www.farmina.com/tr/eshop/kedi-mamalari/n&d-ancestral-grain-ked%C4%B0-mamasi/150-chicken-&-pomegranate-adult.html?_gl=1*y4yq3g*_up*MQ..*_gs*MQ..&gclid=CjwKCAjwzLHPBhBTEiwABaLsSoCfIDW3X9CIRRiO7s-zUHK4qxHdT2iJyoNr277Y6xepWNlHaH3GFhoCYw4QAvD_BwE&gbraid=0AAAAABjG8LAa8-KF0WSKGmqsvW7Sl_uq5,Tavuk,"kemiksiz tavuk (%24), kurutulmuş tavuk proteini (%24), kılçıksız buğday (%10), yulaf (%10), tavuk yağı, kurutulmuş yumurta, ringa balığı, kurutulmuş ringa balığı proteini, balık yağı (ringa balığı), kurutulmuş pancar posası, kurutulmuş havuc, yonca, inulin, fruktooligosakkarit, maya ekstraktı (mannooligosakkarit kaynağı), kurutulmuş nar (%0.5), kurutulmuş elma, kurutulmuş ıspanak, fisilyum kabukları ve tohumları (%0.3), kurutulmuş tatlı portakal, kurutulmuş yaban mersini, sodyum klorür, kurutulmuş bira mayası, zerdeçal (%0.2), aloe vera ekstraktı.","A Vitamini 18000IU; D3 Vitamini 1200IU; E Vitamini 600mg; C Vitamini 300mg; Niasin 150mg; kalsiyum D-pantotenat 50mg; B2 Vitamini 20mg; B6 Vitamini 8.1mg; B1 Vitamini 10mg; Biyotin 1.5mg; Folik asit 1.5mg; B12 Vitamini 0.1mg; kolin klorür 2500mg; Beta-karoten 1.5mg; çinko (metiyonin hidroksi analoğunun çinko şelatı): 163.80mg; manganez (metiyonin hidroksi analogunun mangan şelatı): 64.60mg; demir [demir (II) glisin hidrat şelatı]: 58.30mg; bakır (metiyonin hidroksi analoğunun bakır şelatı): 15.80mg; DL – Metiyonin, teknik olarak saf 5000mg; Taurin 4000mg; L-Karnitin 300mg. Organoleptik Katkı Maddeleri: yeşil çay ekstresi 100mg; biberiye ekstraktı. Antioksidanlar: bitkisel yağlardan gelen tokoferol.",Ham protein %36.00; Ham yağlar %20.00; Ham lif %1.90; Nem %8.00; Ham kül %8.10; Kalsiyum %1.10; Fosfor %0.90; Magnezyum %0.08; Omega-6 %3.30; Omega-3 %0.90; DHA %0.50; EPA %0.30,"EM Kcal/Kg 4165 - Mj/Kg 17,42"
N&D,Ancestral Grain Kuzu,https://www.farmina.com/tr/eshop/kedi-mamalari/n&d-ancestral-grain-ked%C4%B0-mamasi/153-lamb-&-blueberry-adult.html?_gl=1*y4yq3g*_up*MQ..*_gs*MQ..&gclid=CjwKCAjwzLHPBhBTEiwABaLsSoCfIDW3X9CIRRiO7s-zUHK4qxHdT2iJyoNr277Y6xepWNlHaH3GFhoCYw4QAvD_BwE&gbraid=0AAAAABjG8LAa8-KF0WSKGmqsvW7Sl_uq5,Kuzu,"kemiksiz kuzu (22%), kurutulmuş kuzu proteini (20%), kılçıksız buğday (%10), yulaf (%10), tavuk yağı, kurutulmuş yumurta, ringa balığı, kurutulmuş ringa balığı proteini, balık yağı (ringa balığı), kurutulmuş pancar posası, kurutulmuş havuc, kurutulmuş yonca, inulin, fruktooligosakkarit, maya ekstraktı (mannooligosakkarit kaynağı), kurutulmuş yaban mersini (%0.5), kurutulmuş tatlı portakal, kurutulmuş elma, kurutulmuş nar, kurutulmuş ıspanak, fisilyum kabukları ve tohumları (%0.3), sodyum klorür, kurutulmuş bira mayası, zerdeçal (%0.2), aloe vera ekstraktı.","A Vitamini 18000IU; D3 Vitamini 1200IU; E Vitamini 600mg; C Vitamini 300mg; Niasin 150mg; Kalsiyum D-pantotenat 50mg; B2 Vitamini 20mg; B6 Vitamini 8.1mg; B1 Vitamini 10mg; Biyotin 1.5mg; Folik asit 1.5mg; B12 Vitamini 0.1mg; kolin klorür 2500mg; Beta-karoten 1.5mg; çinko (metiyonin hidroksi analoğunun çinko şelatı): 163.80mg; manganez (metiyonin hidroksi analogunun mangan şelatı): 64.60mg; demir [demir (II) glisin hidrat şelatı]: 58.30mg; bakır (metiyonin hidroksi analoğunun bakır şelatı): 15.80mg; DL – Metiyonin, teknik olarak 5000mg; taurin 4000mg; L-Karnitin 300mg. Organoleptik Katkı Maddeleri: yeşil çay ekstresi 100mg; biberiye ekstraktı. Antioksidanlar: bitkisel yağlardan gelen tokoferol.",Ham protein 36.00%; Ham yağlar %20.00; Ham lif %1.90; Nem %8.00; Ham kül %8.10; Kalsiyum %1.10; Fosfor %0.90; Magnezyum %0.09; Omega-6 %3.40; Omega-3 %0.90; DHA %0.50; EPA %0.30.,"EM Kcal/Kg 4165 - Mj/Kg 17,42"
N&D,Ancestral Grain Neutered Tavuklu,https://www.farmina.com/tr/eshop/kedi-mamalari/n&d-ancestral-grain-ked%C4%B0-mamasi/151-chicken-&-pomegranate-neutered.html?_gl=1*y4yq3g*_up*MQ..*_gs*MQ..&gclid=CjwKCAjwzLHPBhBTEiwABaLsSoCfIDW3X9CIRRiO7s-zUHK4qxHdT2iJyoNr277Y6xepWNlHaH3GFhoCYw4QAvD_BwE&gbraid=0AAAAABjG8LAa8-KF0WSKGmqsvW7Sl_uq5,Tavuk,"kemiksiz tavuk (%24), kurutulmuş tavuk proteini (%24), kılçıksız buğday (%10), yulaf (%10), kurutulmuş yumurta, ringa balığı, kurutulmuş ringa balığı proteini, kurutulmuş pancar posası, tavuk yağı, balık yağı (ringa balığı), kurutulmuş yonca, kurutulmuş havuç, inulin, fruktooligosakkarit, maya ekstraktı (mannooligosakkarit kaynağı), kurutulmuş nar (% 0.5), kurutulmuş elma, kurutulmuş ıspanak, fisilyum kabukları ve tohumları (% 0.3), kurutulmuş tatlı portakal, yaban mersini tozu, sodyum klorür, kurutulmuş bira mayası, zerdeçal (%0.2), aloe vera ekstraktı."," A vitamini 18000IU; D3 Vitamini1200IU; E vitamini 600 mg; Vitamin C 300 mg; Niasin 150 mg Kalsiyum D-pantotenat, 50 mg; Vitamin B2 20 mg; Vitamin B6 8.1mg; B1 Vitamini 10 mg; Biyotin 1.5mg; folik asit 1.5mg; B12 Vitamini 0.1mg; 2800mg kolin klorür, betakaroten 1.5mg; çinko (metiyonin hidroksi analoğunun çinko şelatı): 163.80mg; manganez (metiyonin hidroksi analogunun mangan şelatı): 64.60mg; demir [demir (II) glisin hidrat şelatı]: 58.30mg; bakır (metiyonin hidroksi analoğunun bakır şelatı): 15.80mg; DL – Metiyonin, teknik olarak 5000mg; taurin 5000mg; 400mg L-Karnitin. Organoleptik Katkı Maddeleri: yeşil çay ekstresi 100mg; biberiye ekstraktı. Antioksidanlar: bitkisel yağlardan gelen tokoferol.","Ham protein 38.00%; Ham yağ %10.00; Ham lif %5.50; Nem %8.00; Ham kül %8.30; Kalsiyum %1.10; Fosfor %0.90; Magnezyum %0.08, Omega-6 %1.80, Omega-3 %0.40; DHA %0.25; EPA %0.15.","EM Kcal/Kg 3557 - Mj/Kg 14,88"
N&D,Ancestral Grain Neutered Kuzulu,"https://www.farmina.com/tr/eshop/kedi-mamalari/n&d-ancestral-grain-ked%C4%B0-mamasi/687-neutered---kuzu,-k%C4%B1l%C3%A7%C4%B1ks%C4%B1z-bu%C4%9Fday,-yulaf-ve-yaban-mersini-.html?_gl=1*y4yq3g*_up*MQ..*_gs*MQ..&gclid=CjwKCAjwzLHPBhBTEiwABaLsSoCfIDW3X9CIRRiO7s-zUHK4qxHdT2iJyoNr277Y6xepWNlHaH3GFhoCYw4QAvD_BwE&gbraid=0AAAAABjG8LAa8-KF0WSKGmqsvW7Sl_uq5",Kuzu,"kemiksiz kuzu (%20), kurutulmuş kuzu proteini, kılçıksız buğday (%10), yulaf (%10), kurutulmuş tavuk proteini, kurutulmuş ringa balığı proteini, kurutulmuş yumurta, kurutulmuş pancar posası, tavuk yağı, balık yağı (ringa balığı), yonca, kurutulmuş havuç, inulin, fruktooligosakkarit, maya ekstraktı (mannooligosakkarit kaynağı), kurutulmuş yaban mersini (0.5), kurutulmuş elma, kurutulmuş ıspanak, fisilyum kabukları ve tohumları (%0.3), kurutulmuş nar, kurutulmuş tatlı portakal, sodyum klorür, kurutulmuş bira mayası, zerdeçal (%0.2), aloe vera ekstraktı, glukozamin, kondroitin sülfat.","A Vitamini 18000IU; D3 Vitamini 1200IU; E Vitamini 600mg; C Vitamini 300mg; Niasin 150mg; kalsiyum D-pantotenat 50mg; B2 Vitamini 20mg; B6 Vitamini 8.1mg; B1 Vitamini 10mg; Biyotin 1.5mg; Folik asit 1.5mg; B12 Vitamini 0.1mg; kolin klorür 2800g; Beta-karoten 1.5mg; çinko (metiyonin hidroksi analoğunun çinko şelatı): 163.80mg; manganez (metiyonin hidroksi analogunun mangan şelatı): 64.60mg; demir [demir (II) glisin hidrat şelatı]: 58.30mg; bakır (metiyonin hidroksi analoğunun bakır şelatı): 15.80mg; DL – Metiyonin, teknik olarak saf 5000mg; Taurin 5000mg; L-Karnitin 400mg. Organoleptik Katkı Maddeleri: yeşil çay ekstraktı100mg; biberiye ekstraktı. Antioksidanlar: bitkisel yağlardan gelen tokoferol.",Ham protein %38.00; Ham yağlar %10.00; Ham lif %5.50; Nem %8.00; Ham kül %8.30; Kalsiyum %1.10; Fosfor %0.90; Magnezyum %0.08; Omega-6 %1.80; Omega-3 %0.55; DHA %0.25; EPA %0.15; Glukozamin 1200mg/kg; Kondroitin sülfat 900mg/kg.,"EM Kcal/Kg 3557 - Mj/Kg 14,88"
N&D,Ancestral Grain Neutered Hindili,"https://www.farmina.com/tr/eshop/kedi-mamalari/n&d-ancestral-grain-ked%C4%B0-mamasi/688-neutered-%E2%80%93-hindi,-k%C4%B1l%C3%A7%C4%B1ks%C4%B1z-bu%C4%9Fday,-yulaf-ve-nar-.html?_gl=1*y4yq3g*_up*MQ..*_gs*MQ..&gclid=CjwKCAjwzLHPBhBTEiwABaLsSoCfIDW3X9CIRRiO7s-zUHK4qxHdT2iJyoNr277Y6xepWNlHaH3GFhoCYw4QAvD_BwE&gbraid=0AAAAABjG8LAa8-KF0WSKGmqsvW7Sl_uq5",Hindi,"kemiksiz hindi (%20), kurutulmuş hindi proteini (%20), kılçıksız buğday (%10), yulaf (%10), kurutulmuş tavuk proteini, kurutulmuş ringa balığı proteini, kurutulmuş yumurta, kurutulmuş pancar posası, tavuk yağı, balık yağı (ringa balığı), yonca, kurutulmuş havuç, inulin, fruktooligosakkarit, maya ekstraktı (mannooligosakkarit kaynağı), kurutulmuş nar (%0.5), kurutulmuş elma, kurutulmuş ıspanak, fisilyum kabukları ve tohumları (%0.3), kurutulmuş tatlı portakal, kurutulmuş yaban mersini, sodyum klorür, kurutulmuş bira mayası, zerdeçal (%0.2), aloe vera ekstraktı, glukozamin, kondroitin sülfat.","A Vitamini 18000IU; D3 Vitamini 1200IU; E Vitamini 600mg; C Vitamini 300mg; Niasin 150mg; kalsiyum D-pantotenat 50mg; B2 Vitamini 20mg; B6 Vitamini 8.1mg; B1 Vitamini 10mg; Biyotin 1.5mg; Folik asit 1.5mg; B12 Vitamini 0.1mg; kolin klorür 2800g; Beta-karoten 1.5mg; çinko (metiyonin hidroksi analoğunun çinko şelatı): 163.80mg; manganez (metiyonin hidroksi analogunun mangan şelatı): 64.60mg; demir [demir (II) glisin hidrat şelatı]: 58.30mg; bakır (metiyonin hidroksi analoğunun bakır şelatı): 15.80mg; DL – Metiyonin, teknik olarak saf 5000mg; Taurin 5000mg; L-Karnitin 400mg. Organoleptik Katkı Maddeleri: yeşil çay ekstraktı 100mg; biberiye ekstraktı. Antioksidanlar: bitkisel yağlardan gelen tokoferol.",Ham protein %38.00; Ham yağlar %10.00; Ham lif %5.50; Nem %8.00; Ham kül %8.30; Kalsiyum %1.10; Fosfor %0.90; Magnezyum %0.08; Omega-6 %1.80; Omega-3 %0.55; DHA %0.25; EPA %0.15; Glukozamin 1200mg/kg; Kondroitin sülfat 900mg/kg.,"EM Kcal/Kg 3557 - Mj/Kg 14,88"
N&D,Spiriluna Adult Ringa Balığı,"https://www.farmina.com/tr/eshop/kedi-mamalari/n&d-spirulina-feline/1003-herring,-spirulina-and-wolfberry-adult.html?_gl=1*1s1pw27*_up*MQ..*_gs*MQ..&gclid=CjwKCAjwzLHPBhBTEiwABaLsSoCfIDW3X9CIRRiO7s-zUHK4qxHdT2iJyoNr277Y6xepWNlHaH3GFhoCYw4QAvD_BwE&gbraid=0AAAAABjG8LAa8-KF0WSKGmqsvW7Sl_uq5",Ringa Balığı,"Ringa balığı (%32), kurutulmuş ringa balığı proteini (%30), tatlı patates, balık yağı (ringadan elde edilen), kurutulmuş spirulina (%5), kurutulmuş yumurta, kurutulmuş wolfberry (%2,5), bezelye lifi, kurutulmuş havuç, yonca unu, inulin, frukto-oligosakkaritler, maya ekstraktı (manno-oligo-sakkaritlerin kaynağı), kurutulmuş ıspanak, psyllium kabukları ve tohumları, sodyum klorür, kurutulmuş bira mayası, zerdeçal, aloe vera ekstraktı."," A Vitamini 18000IU; D3 Vitamini 1200IU; E Vitamini 600mg; C Vitamini 300mg; Niasin 150mg; Kalsiyum D-pantotenat 50mg; B2 Vitamini 20mg; B6 Vitamini 8,1 mg; B1 Vitamini 10mg; Biyotin 1.5mg; Folik asit 1.5mg; B12 Vitamini 0,1 mg; Kolin klorür 2500mg; Beta-karoten 1.5mg; Çinko (Metioninin hidroksi analoğunun çinko şelatı): 163,8 mg; Manganez (Metioninin hidroksi analoğunun manganez şelatı): 64,6 mg; Demir [Glisin hidratın demir(II) şelatı]: 58,3 mg; Bakır (Metioninin hidroksi analoğunun bakır şelatı): 15,8 mg; DL-metiyonin, teknik olarak saf 5000mg; Taurin 4000mg; L-karnitin 300 mg.
Duyusal katkı maddeleri: Yeşil çay ekstresi 100mg; biberiye özü.
Antioksidanlar: Bitkisel yağlardan elde edilen tokoferol ekstraktları.","Ham protein %44,00; ham yağ %20,00; ham lifler %1,80; nem %8,00; ham kül %8,50; Kalsiyum %1,00; Fosfor %0,90; Magnezyum %0,08; Omega-6 %3,10; Omega-3 %1,40; DHA %0,80; EPA'sı %0,50.","EM Kcal/Kg 4202 - Mj/Kg 17,58"
N&D,Spiriluna Adult Kuzulu,"https://www.farmina.com/tr/eshop/kedi-mamalari/n&d-spirulina-feline/1004-lamb,-spirulina-and-wolfberry-adult.html?_gl=1*1s1pw27*_up*MQ..*_gs*MQ..&gclid=CjwKCAjwzLHPBhBTEiwABaLsSoCfIDW3X9CIRRiO7s-zUHK4qxHdT2iJyoNr277Y6xepWNlHaH3GFhoCYw4QAvD_BwE&gbraid=0AAAAABjG8LAa8-KF0WSKGmqsvW7Sl_uq5",Kuzu,"Kuzu (%28), kurutulmuş kuzu proteini (%26), tatlı patates, tavuk yağı, kurutulmuş spirulina (%5), kurutulmuş yumurta, ringa balığı, kurutulmuş ringa balığı proteini, balık yağı (ringadan), kurutulmuş kurt yemişi (%2,5), bezelye lifi, kurutulmuş havuç, yonca unu, inulin, frukto-oligosakkaritler, maya ekstraktı (manno-oligo-sakkarit kaynağı), kurutulmuş ıspanak, psilyum kabuğu ve tohumları, sodyum klorür, kurutulmuş bira mayası, zerdeçal, aloe vera özü.","A Vitamini 18000IU; D3 Vitamini 1200IU; E Vitamini 600mg; C Vitamini 300mg; Niasin 150mg; Kalsiyum D-pantotenat 50mg; B2 Vitamini 20mg; B6 Vitamini 8,1 mg; B1 Vitamini 10mg; Biyotin 1.5mg; Folik asit 1.5mg; B12 Vitamini 0,1 mg; Kolin klorür 2500mg; Beta-karoten 1.5mg; Çinko (Metioninin hidroksi analoğunun çinko şelatı): 163,8 mg; Manganez (Metioninin hidroksi analoğunun manganez şelatı): 64,6 mg; Demir [Glisin hidratın demir(II) şelatı]: 58,3 mg; Bakır (Metioninin hidroksi analoğunun bakır şelatı): 15,8 mg; DL-metiyonin, teknik olarak saf 5000mg; Taurin 4000mg; L-karnitin 300 mg.
Duyusal katkı maddeleri: Yeşil çay ekstresi 100mg; biberiye özü.
Antioksidanlar: Bitkisel yağlardan elde edilen tokoferol ekstraktları.","Ham protein %42,00; ham yağ %20,00; ham lifler %1,80; nem %8,00; ham kül %8,90; Kalsiyum %1,20; Fosfor %1,00; Magnezyum %0,09; Omega-6 %3,40; Omega-3 %0,90; DHA %0,50; EPA %0,30.","EM Kcal/Kg 4178 - Mj/Kg 17,48"
N&D,Tropical Selection Adult Tavuklu,"https://www.farmina.com/tr/eshop/kedi-mamalari/n&d-tropical-selection-feline/1011-chicken,-spelt,-oats-and-tropical-fruits-feline.html?_gl=1*19v1sg1*_up*MQ..*_gs*MQ..&gclid=CjwKCAjwzLHPBhBTEiwABaLsSoCfIDW3X9CIRRiO7s-zUHK4qxHdT2iJyoNr277Y6xepWNlHaH3GFhoCYw4QAvD_BwE&gbraid=0AAAAABjG8LAa8-KF0WSKGmqsvW7Sl_uq5",Tavuk,"Kemiksiz tavuk (%22), kurutulmuş tavuk proteini (%20), kılçıksız buğday (%12), yulaf (%12), kurutulmuş ringa balığı proteini, kurutulmuş yumurta, tavuk yağı, kurutulmuş pancar küspesi, balık yağı (ringa balığından), yonca unu , kurutulmuş havuç, inulin, frukto-oligosakkaritler, maya ekstraktı (manno-oligo-sakkarit kaynağı), kurutulmuş muz (%0,5), kurutulmuş kivi (%0,5), kurutulmuş mango (%0,5), kurutulmuş papaya (%0,5), kurutulmuş ananas (%0,5), kurutulmuş ıspanak, pisilyum kabuğu ve tohumları, sodyum klorür, kurutulmuş bira mayası, zerdeçal, aloe vera özütü.","A Vitamini 16000IU; D3 Vitamini 1600IU; E Vitamini 160mg; C Vitamini 160mg; Niasin 40mg; Kalsiyum D-pantotenat 16mg; B2 Vitamini 8mg; B6 Vitamini 6.4mg; B1 Vitamini 4.8mg; Biyotin 0.4mg; Folik asit 0.48mg; B12 Vitamini 0.06mg; Kolin klorür 2200mg; Çinko (Çinko oksit): 86,7 mg; Çinko (Çinko sülfat monohidrat): 43,7 mg; Manganez (Mangan sülfat monohidrat): 48,8 mg; Demir [Demir (II) sülfat monohidrat]: 14,5 mg; Demir [Demir (II) karbonat]: 28,9 mg; Bakır [Bakır (II) sülfat pentahidrat]: 12,8 mg; İyot (Kalsiyum iyodat susuz): 1,56 mg; Selenyum (Sodyum selenit): 0,101 mg; DL-metiyonin, teknik olarak saf 3000mg; Taurin 1800 mg.
Duyusal katkı maddeleri: Yeşil çay ekstresi 100mg; biberiye özü.
Antioksidanlar: Bitkisel yağlardan elde edilen tokoferol ekstraktları.","Ham protein %32,00; ham yağ %11,00; ham lifler %2,70; nem %8,00; ham kül %8,30; Kalsiyum %1,10; Fosfor %0,90; Magnezyum %0,09; Omega-6 %2,00; Omega-3 %0,40; DHA %0,15; EPA %0,10; Taurin %0,18.","EM Kcal/Kg 3688 - Mj/Kg 15,43"
N&D,Tropical Selection Neutered Tavuklu,"https://www.farmina.com/tr/eshop/kedi-mamalari/n&d-tropical-selection-feline/1013-neutered-%E2%80%A2-chicken,-spelt,-oats-and-tropical-fruits-feline.html?_gl=1*19v1sg1*_up*MQ..*_gs*MQ..&gclid=CjwKCAjwzLHPBhBTEiwABaLsSoCfIDW3X9CIRRiO7s-zUHK4qxHdT2iJyoNr277Y6xepWNlHaH3GFhoCYw4QAvD_BwE&gbraid=0AAAAABjG8LAa8-KF0WSKGmqsvW7Sl_uq5",Tavuk,"Kemiksiz tavuk (%20), kurutulmuş tavuk proteini (%20), kılçıksız buğday (%12), yulaf (%12), kurutulmuş pancar küspesi, kurutulmuş ringa balığı proteini, yonca unu, kurutulmuş yumurta, tavuk yağı, balık yağı (ringa balığından) , kurutulmuş havuç, inulin, frukto-oligosakkaritler, maya ekstraktı (manno-oligo-sakkarit kaynağı), kurutulmuş muz (%0,5), kurutulmuş kivi (%0,5), kurutulmuş mango (%0,5), kurutulmuş papaya (%0,5), kurutulmuş ananas (%0,5), kurutulmuş ıspanak, pisilyum kabuğu ve tohumları, sodyum klorür, kurutulmuş bira mayası, zerdeçal, aloe vera","A Vitamini 16000IU; D3 Vitamini 1600IU; E Vitamini 160mg; C Vitamini 160mg; Niasin 40mg; Kalsiyum D-pantotenat 16mg; B2 Vitamini 8mg; B6 Vitamini 6.4mg; B1 Vitamini 4.8mg; Biyotin 0.4mg; Folik asit 0.48mg; B12 Vitamini 0.06mg; Kolin klorür 2500mg; Çinko (Çinko oksit): 86,7 mg; Çinko (Çinko sülfat monohidrat): 43,7 mg; Manganez (Mangan sülfat monohidrat): 48,8 mg; Demir [Demir (II) sülfat monohidrat]: 14,5 mg; Demir [Demir (II) karbonat]: 28,9 mg; Bakır [Bakır (II) sülfat pentahidrat]: 12,8 mg; İyot (Kalsiyum iyodat susuz): 1,56 mg; DL-metiyonin, teknik olarak saf 3000mg; Taurin 1800mg; L-Karnitin 250 mg.
Duyusal katkı maddeleri: Yeşil çay ekstresi 100mg; biberiye özü.
Antioksidanlar: Bitkisel yağlardan elde edilen tokoferol ekstraktları","Ham protein %31,00; ham yağ %11,00; ham lifler %6,50; nem %8,00; ham kül %8,20; Kalsiyum %1,10; Fosfor %0,90; Magnezyum %0,09; Omega-6 %2,00; Omega-3 %0,40; DHA %0,15; EPA %0,10; Taurin %0,18.","EM Kcal/Kg 3522 - Mj/Kg 14,73"
N&D,Tropical Selection Neutered Kuzulu,"https://www.farmina.com/tr/eshop/kedi-mamalari/n&d-tropical-selection-feline/1014-neutered-%E2%80%A2-lamb,-spelt,-oats-and-tropical-fruits-feline.html?_gl=1*19v1sg1*_up*MQ..*_gs*MQ..&gclid=CjwKCAjwzLHPBhBTEiwABaLsSoCfIDW3X9CIRRiO7s-zUHK4qxHdT2iJyoNr277Y6xepWNlHaH3GFhoCYw4QAvD_BwE&gbraid=0AAAAABjG8LAa8-KF0WSKGmqsvW7Sl_uq5",Kuzu,"Kuzu eti (%20), kurutulmuş kuzu proteini (%20), kılçıksız buğday (%12), yulaf (%12), kurutulmuş pancar küspesi, kurutulmuş ringa balığı proteini, yonca unu, kurutulmuş yumurta, tavuk yağı, balık yağı (ringa balığından), kurutulmuş havuç, inülin, frukto-oligosakkaritler, maya ekstraktı (manno-oligo-sakkarit kaynağı), kurutulmuş muz (%0,5), kurutulmuş kivi (%0,5), kurutulmuş mango (%0,5), kurutulmuş papaya (%0,5), kurutulmuş ananas (%0,5), kurutulmuş ıspanak, pisilyum kabukları ve tohumları, sodyum klorür, kurutulmuş bira mayası, zerdeçal, aloe vera özü.","A Vitamini 16000IU; D3 Vitamini 1600IU; E Vitamini 160mg; C Vitamini 160mg; Niasin 40mg; Kalsiyum D-pantotenat 16mg; B2 Vitamini 8mg; B6 Vitamini 6.4mg; B1 Vitamini 4.8mg; Biyotin 0.4mg; Folik asit 0.48mg; B12 Vitamini 0.06mg; Kolin klorür 2500mg; Çinko (Çinko oksit): 86,7 mg; Çinko (Çinko sülfat monohidrat): 43,7 mg; Manganez (Mangan sülfat monohidrat): 48,8 mg; Demir [Demir (II) sülfat monohidrat]: 14,5 mg; Demir [Demir (II) karbonat]: 28,9 mg; Bakır [Bakır (II) sülfat pentahidrat]: 12,8 mg; İyot (Kalsiyum iyodat susuz): 1,56 mg; DL-metiyonin, teknik olarak saf 3000mg; Taurin 1800mg; L-Karnitin 250 mg.
Duyusal katkı maddeleri: Yeşil çay ekstresi 100mg; biberiye özü.
Antioksidanlar: Bitkisel yağlardan elde edilen tokoferol ekstraktları.","Ham protein %31,00; ham yağ %11,00; ham lifler %6,50; nem %8,00; ham kül %8,20; Kalsiyum %1,10; Fosfor %0,90; Magnezyum %0,09; Omega-6 %2,00; Omega-3 %0,40; DHA %0,15; EPA %0,10; Taurin %0,18.","M Kcal/Kg 3512 - Mj/Kg 14,69"
Royal Canin,Sterilized 37,Sterilised 37 Kısırlaştırılmış Yetişkin Kedi Kuru Maması | Royal Canin Turkey,Tavuk,"kurutulmuş kümes hayvanları proteinleri, mısır, bitkisel protein izolat*, bitkisel lifler, hayvansal yağlar, hidrolize hayvansal proteinler, pirinç, buğday, pancar küspesi, mısır gluten, mayalar ve ilgili parçalar, mineraller, balık yağı, frukto-oligo-sakkaritler, soya yağı *L.I.P.: Çok yüksek sindirilebilirlik özelliğinden dolayı seçilmiş protein.","İLAVELER (her kg için): Beslenmeye dayalı ilaveler: Vitamin A: 19000 IU, Vitamin D3: 1000 IU, E1 (Demir): 31 mg, E2 (İyot): 3,1 mg, E4 (Bakır): 10 mg, E5 (Manganez): 41 mg, E6 (Çinko): 122 mg, E8 (Selenyum): 0,05 mg, L-karnitin: 100 mg - Teknolojik ilaveler: Sedimanter kökenli klinoptilolit: 10 g - Zooteknik ilaveler: Amonyum klorid: 5 g - Koruyucular - Antioksidanlar.  ","Protein: %37 - Yağ: %12 - Ham Kül: %8,2 - Ham lifler: %6,2","EM Kcal/Kg 3640 - Mj/Kg 15,23"
Royal Canin,Neutered Satiety Balance,neutered satıety balance,Tavuk,"Kurutulmuş kümes hayvanları proteini, mısır, bitkisel lifler, buğday gluteni, buğday, mısır gluteni, hidrolize hayvansal proteinler, mineraller, hayvansal yağlar, hindiba posası, balık yağı, fisilyum (karnıyarık otu) kabuğu ve tohumları (%0,5), kadife çiçeği özü (lutein kaynağı).","A Vitamini 25.500 IU, D3 Vitamini 1.000 IU, Demir (3b103) 32 mg, İyot (3b201, 3b202) 3,2 mg, Bakır (3b405, 3b406) 10 mg, Manganez (3b502, 3b504) 41 mg, Çinko (3b603, 3b605, 3b606) 126 mg, Selenyum (3b801, 3b811, 3b812) 0,06 mg, koruyucular, antioksidanlar.","Protein %35.0, yağ %10.0, ham kül %9.1, ham lifler %9.7, fosfor %1.13, kalsiyum %1.25, sodyum %0.91, magnezyum %0.08, potasyum %1.0, L-karnitin 200 mg/kg.","EM Kcal/Kg 3352 - Mj/Kg 14,02"
Acana,Indoor Entree Free-Run Chicken & Turkey,,Tavuk,"Taze tavuk eti (%16), kurutulmuş tavuk eti (%16), kurutulmuş ringa balığı (%16), bütün yulaf, bütün bezelye, tavuk yağı (%5), öğütülmüş miscanthus otu, bütün yeşil mercimek, taze hindi eti (%4), çiğ bütün ringa balığı (%4), bütün nohut, bütün kırmızı mercimek, mercimek lifi, çiğ bütün tavşan (%1), taze tavuk sakatatı (karaciğer, kalp) (%1), taze hindi sakatatı (karaciğer, kalp) (%1), tavuk kıkırdağı (%1), kurutulmuş yosun, taze bütün balkabağı, taze bütün kabak, taze bütün kızılcık, taze bütün yaban mersini,","Kolin klorür 1200mg, Taurin 400 mg, Çinko 150 mg, Vitamin B1 25 mg, Vitamin B2 10 mg, Niasin 50 mg, Vitamin B5 8 mg, Vitamin B6 6.5 mg, Folik asit 0.75 mg, Biyotin 0.03 mg, Vitamin B12 0.1 mg, Vitamin A 750 IU, Vitamin D 100 IU, Vitamin E 160 IU, Bakır 11 mg, L-karnitin 50 mg, DL-metiyonin 99 mg, Enterococcus faecium","Ham protein %37, Yağ içeriği %14, Ham lif %6, Ham kül %9, Nem %10, Kalsiyum %1.4, Fosfor %1, Magnezyum %0.1, Taurin %0.1, Omega-6 %2, Omega-3 %0.5, DHA %0.2, EPA %0.1","EM Kcal/Kg 3630 - Mj/Kg 15,19"
Orijen,Fit & Trim,,Tavuk,"Taze tavuk sakatatları (karaciğer, kalp), çiğ bütün ringa balığı, çiğ hindi eti, çiğ bütün bakiye (hake), taze yumurta, çiğ bütün uskumru, kurutulmuş tavuk ve hindi.","Kolin klorür, Çinko, Vitamin B1, B2, B3, B5, B6, B9, B7, B12, Vitamin K3, Vitamin A, D3, E ve probiyotikler (Enterococcus faecium).","Protein: %42, Yağ: %15, Ham Kül: %10, Ham Lif: %6, Kalsiyum: %1.4, Fosfor: %1.1, Magnezyum: %0.1, Taurin: %0.2.","EM Kcal/Kg 3710 - Mj/Kg 15,52"
Orijen,Guardian 8,,,"Çiğ somon, çiğ hindi, çiğ bütün ringa balığı, çiğ bütün uskumru, taze tavuk sakatatları, taze yumurta, kurutulmuş tavuk ve hindi, pollock yağı (omega kaynağı).","Kolin klorür, Çinko, Niacin (B3), Vitamin B1, Bakır, Vitamin B2, B5, B6, Folik asit (B9), Vitamin B12, Vitamin E.","Protein: %40, Yağ: %18, Ham Kül: %9, Ham Lif: %4, Kalsiyum: %1.4, Fosfor: %1.1, Magnezyum: %0.1, Taurin: %0.1.","EM Kcal/Kg 3980 - Mj/Kg 16,65"
Orijen,Original,,,"Çiğ hindi, çiğ bütün ringa balığı, taze tavuk sakatatları, çiğ bütün bakiye (hake), çiğ hindi karaciğeri, taze yumurta, kurutulmuş tavuk ve hindi, kurutulmuş uskumru ve sardalya.","Kolin klorür, Çinko, Bakır, Vitamin B1, B2, B3, B5, B6, B9, B12, Vitamin A, D3, E.","Protein: %40, Yağ: %20, Ham Kül: %8, Ham Lif: %3, Kalsiyum: %1.4, Fosfor: %1.1, Magnezyum: %0.1, Taurin: %0.2.","EM Kcal/Kg 4160 - Mj/Kg 17,41"
Virbac,Adult Cat Food Neutered,https://tr.virbac.com/products/beslenme/adult-cat-food-neutered,Domuz ve tavuk,"Kurutulmuş domuz ve kümes hayvanı proteinleri, pirinç, hidrolize domuz ve kümes hayvanı proteinleri, lignoselüloz, bezelye, kümes hayvanı yağı, bezelye lifi, mineraller, keten tohumu, inaktive bira mayası, kurutulmuş (şeker) pancar posası, deniz yosunu unu (Ascophyllum nodosum), frukto-oligosakkaritler, psyllium lifi (Plantago spp.), kabuklu deniz hayvanı dokularından elde edilen kitosamin, inaktive Lactobacillus helveticus.","Vitamin A 17.000 IU/kg, Vitamin D3 1.700 IU/kg, Vitamin E 610 mg/kg, Vitamin K3 0,22 mg/kg, Vitamin B1 11,2 mg/kg, Vitamin B2 8 mg/kg, Vitamin B3 113,4 mg/kg, Vitamin B5 14,5 mg/kg, Vitamin B6 7,6 mg/kg, Vitamin B8 0,15 mg/kg, Vitamin B9 1,9 mg/kg, Vitamin B12 0,046 mg/kg, Kolin 1.760 mg/kg, Taurin 2.460 mg/kg, Bakır 12 mg/kg, İyot 0,4 mg/kg, Çinko 110 mg/kg, L-carnitine 540 mg/kg, Pentasodyum trifosfat %0,35, Kitosan 800 mg/kg, Ascophyllum nodosum %0,6, Bentonit 5 g/kg, Isı ile işlenmiş laktobasiller 7 mg/kg","Protein %44, Yağ %13,5, Mineraller %8,5, Ham Lif %10,5, Nem %5,5, NFE (Karbonhidrat) %18, Nişasta %11,5, Kalsiyum %1,3, Fosfor %1,1, Sodyum %0,7, Omega-6 %2,4, Omega-3 %0,8, Hayvansal/Bitkisel Protein Oranı 90/10, EM Kcal/Kg 3420 - Mj/Kg 14,31","EM Kcal/Kg 3420 - Mj/Kg 14,31"
Virbac,Adult Cat Salmon - Neutered & ENTIRE,Adult Cat Food with Salmon Neutered & Entire | VETERINARY HPM®,"Domuz, tavuk, somon","Kurutulmuş domuz ve kümes hayvanı proteinleri, pirinç, kümes hayvanı yağı, hidrolize domuz ve kümes hayvanı proteinleri, bezelye, lignoselüloz, kurutulmuş somon proteini (4%), mineraller, keten tohumu, kurutulmuş (şeker) pancar posası, inaktive bira mayası, deniz yosunu unu (Ascophyllum nodosum), frukto-oligosakkaritler, psyllium lifi (Plantago spp.), kabuklu deniz hayvanı dokularından elde edilen kitosamin, inaktive Lactobacillus helveticus.","Vitamin A 17.000 IU/kg, Vitamin D3 1.700 IU/kg, Vitamin E 610 mg/kg, Vitamin K3 0,22 mg/kg, Vitamin B1 11,2 mg/kg, Vitamin B2 8 mg/kg, Vitamin B3 113,4 mg/kg, Vitamin B5 14,5 mg/kg, Vitamin B6 7,6 mg/kg, Vitamin B8 0,15 mg/kg, Vitamin B9 1,9 mg/kg, Vitamin B12 0,046 mg/kg, Kolin 1.760 mg/kg, Taurin 2.460 mg/kg, Bakır 12 mg/kg, İyot 0,4 mg/kg, Çinko 110 mg/kg, Bentonit 5 g/kg, Isı ile işlenmiş laktobasiller 7 mg/kg, L-carnitine 540 mg/kg, Pentasodyum trifosfat %0,35, Kitosan 800 mg/kg","Protein %44, Hayvansal/Bitkisel Protein Oranı 91/09, Yağ %16, Mineraller %8,5, Ham Lif %6, Nem %5,5, NFE (Karbonhidrat) %20, Nişasta %13,5, Kalsiyum %1,3, Fosfor %1,1, Sodyum %0,7, Omega-6 %2,8, Omega-3 %0,8, EM Kcal/Kg 3770 - Mj/Kg 15,77","EM Kcal/Kg 3770 - Mj/Kg 15,77"
Hills,Kısırlaştırılmış Yetişkin,Kısırlaştırılmış Yetişkin Kedi Maması | Hill's Science Plan,Tavuk,"Tavuk ve hindi unu (tavuk %14; toplam kümes hayvanları %23), mısır, kırık pirinç, buğday, mısır proteini unu, hayvansal yağ, bezelye proteini, mineraller, dijest, balık yağı, bitkisel yağ, yulaf kepeği, fruktooligosakkaritler. ActivBiome+ Multi Benefit prebiyotik karışımı (%0,6): Yulaf kepeği, frukto-oligosakkaritler.

","A Vitamini 7584 IU/kg, C Vitamini 96 ppm, D Vitamini 644 IU/kg, E Vitamini 527 IU/kg, Beta-Karoten 1,85 ppm, Karnitin 527,1 ppm, Taurin %0,28","Protein %31,8, Yağ %10, Karbonhidrat / NFE %45,8, Ham Selüloz %1,1, Kül %5,7, Nem %6, Kalsiyum %0,82, Fosfor %0,69, Potasyum %0,85, Sodyum %0,37, Magnezyum %0,082, Toplam Omega-3 YA %0,39, Toplam Omega-6 YA %2,38, EM Kcal/Kg 3569 - Mj/Kg 14,93","EM Kcal/Kg 3569 - Mj/Kg 14,93"
Brit Care,Premium By Nature  Tavuklu ve Pirinçli Kısırlaştırılmış,Brit Premium Tavuklu ve Pirinçli Kısırlaştırılmış Kedi Maması 8kg | Petlebi,Tavuk,"Kurutulmuş Tavuk %33, Tavuk Yağı, Pirinç, Çerçeveye, Kurutulmuş elma posası, Hidroliz karaciğeri %2, Somon Yağı %1, Kurutulmuş Biberiye (11mg/kg), Kurutulmuş Narenciye (11mg/kg), Kurutulmuş Karanfil (11mg/kg), Kurutulmuş Zerdeçal (11mg/kg)","A Vitamini 30000 IU, D3 Vitamini 850 IU, E Vitamini 600 mg, C Vitamini 250 mg, Taurin 2150 mg, Biyotin 1,7 mg, Çinko 140 mg, Mangan 50 mg, Demir 50 mg, Bakır 10 mg, İyot 3,5 mg, Selenyum 0,16 mg, L-metionin 4000 mg","Jambon Proteini %33, Ham Yağ %14, Jambonlu Lif %4,2, Ham Kül %5,8, Nem %10, Omega-3 %0,37, Omega-6 %1,89","EM Kcal/Kg 3740 - Mj/Kg 15,65"
Brit Care,Premium By Nature Somonlu Kısırlaştırılmış ,Brit Premium By Nature Somonlu Kısırlaştırılmış Kedi Maması 8kg | Petlebi,Somon,"Kurutulmuş somon %20, Pirinç, Taze somon %15, Kurutulmuş tavuk %14, Tavuk yağı, Pirinç kepeği, Kurutulmuş elma posası, Somon yağı %2, Hidrolize tavuk karaciğeri, Bira mayası, Kurutulmuş ıspanak %0,5, Mannan-oligosakkaritler 150 mg/kg, Frukto-oligosakkaritler 120 mg/kg, Yucca mojave 80 mg/kg, Kurutulmuş biberiye 11 mg/kg, Kurutulmuş karanfil 11 mg/kg, Kurutulmuş narenciye 11 mg/kg, Kurutulmuş zerdeçal 11 mg/kg","A Vitamini 20.000 IU, D3 Vitamini 850 IU, E Vitamini 600 mg, C Vitamini 250 mg, Taurin 2.150 mg, Biyotin 1,7 mg, Çinko 140 mg, Manganez 50 mg, Demir 50 mg, Bakır 10 mg, İyot 3,5 mg, Selenyum 0,16 mg, L-metionin 4.000 mg","Ham Protein %35, Ham Yağ %12, Ham Lif %4,5, Ham Kül %6,2, Nem %10, Kalsiyum %0,9, Fosfor %0,7, Sodyum %0,9, Magnezyum %0,06, Omega-3 %0,6, Omega-6 %1,45","EM Kcal/Kg 3590 - Mj/Kg 15,02"
Brit Care,Premium By Nature Kuzulu Kısırlaştırılmış Kedi Maması,Brit Premium By Nature Kuzulu Kısırlaştırılmış Kedi Maması 8kg | Petlebi,Kuzu,"Kurutulmuş Kuzu %26, Pirinç, Kurutulmuş Hindi %12, Bezelye, Tavuk Yağı, Kurutulmuş Elma Küspesi, Somon Yağı %3, Bira Mayası, Hidrolize Tavuk Karaciğeri, Sodyum Klorür, Kurutulmuş Ispanak %0,5, Mannan-Oligosakkaritler 150 mg/kg, Frukto-Oligosakkaritler 120 mg/kg, Yucca Mojave 80 mg/kg, Kuru Biberiye 11 mg/kg, Kuru Karanfil 11 mg/kg, Kuru Narenciye 11 mg/kg, Kuru Zerdeçal 11 mg/kg","A Vitamini 20.000 IU, D3 Vitamini 850 IU, E Vitamini 600 mg, C Vitamini 250 mg, Taurin 2.150 mg, Biyotin 1,7 mg, Çinko 140 mg, Manganez 50 mg, Demir 50 mg, Bakır 10 mg, İyot 3,5 mg, Selenyum 0,16 mg, L-Metionin 4.000 mg","Ham Protein %37, Ham Yağ %14, Ham Lif %3,9, Ham Kül %7,8, Nem %10, Kalsiyum %0,7, Fosfor %0,5, Sodyum %1, Magnezyum %0,02, Omega-3 %0,20, Omega-6 %2,24","EM Kcal/Kg 3720 - Mj/Kg 15,57"
Brit Care,Hipoalerjenik Kilo Kontrolü Ördekli ve Hindili Tahılsız Kısırlaştırılmış ,Brit Care Hipoalerjenik Kilo Kontrolü Ördekli ve Hindili Tahılsız Kısırlaştırılmış Kedi Maması 7kg | Petlebi,Ördek,"Taze Ördek Eti (%26), Kurumuş Hindi (%26), Sarı Bezelye (%16), Nohut (%10), Kurutulmuş Elma (%7), Kümes Hayvanları Yağı (%4), Somon Yağı (%2), Hidrolize Tavuk Karaciğeri (%2), Psilyum Tohum ve Kabuğu (%2), Bira Mayası (%2), Keten Tohumu (%1), Kurutulmuş Latin Çiçeği (%0,5), Kurutulmuş Papatya (%0,5), Kurutulmuş Yalancı İğde (%0,3), Kurutulmuş Kızılcık (%0,2), Frukto-Oligosakkaritler (%0,015), Mannan Oligosakkaritler (%0,015), Yucca Schidigera (%0,008), Lactobacillus Acidophilus HA–122 İnaktif","Vitamin A 20.000 IU/kg, Vitamin D3 800 IU/kg, Vitamin E 600 mg/kg, Vitamin C 300 mg/kg, Taurin 2.500 mg/kg, L-karnitin 100 mg/kg, Kolin Klorür 2.500 mg/kg, Biyotin 2 mg/kg, Vitamin B1 10 mg/kg, Vitamin B2 12 mg/kg, Niasinamid 50 mg/kg, Kalsiyum-D-Pantotenat 40 mg/kg, Vitamin B6 10 mg/kg, Folik Asit 2 mg/kg, Vitamin B12 0,04 mg/kg, Çinko 120 mg/kg, Demir 45 mg/kg, Manganez 55 mg/kg, Potasyum İyodür 4 mg/kg, Bakır 10 mg/kg, Selenyum 0,2 mg/kg, L-Metiyonin 2.000 mg/kg","Ham Protein %34, Ham Yağ %12, Ham Lif %4,5, Ham Kül %8,5, Nem %10, Kalsiyum %0,9, Fosfor %0,7, Sodyum %1,1, Magnezyum %0,04, Omega-3 %0,3, Omega-6 %1,5","EM Kcal/Kg 3520 - Mj/Kg 14,73"
Nutri feline,Kümes Hayvanlı Yetişkin,https://www.nutripetfoods.com/tr/kedi-urunleri/kuru-mamalar/yetiskin-kediler/kumes-hayvanli-yetiskin-kedi-mamasi/,Tavuk,"Taze Kümes Hayvanları Eti (%25), Kümes Hayvanları Proteini (kurutulmuş), Pirinç, Pirinç Unu, Taze Karaciğer (%5), Karaciğer Unu, Hidrolize Protein, Kurutulmuş Pancar Küspesi, Hayvansal Yağ, Keten Tohumu, Bezelye Lifi, Balık Yağı, Kalsiyum Karbonat, Balık Unu, Bütün Yumurtalar (kurutulmuş) %0,5, Bezelye (kurutulmuş), Maya (kurutulmuş, %0,1 Mannanoligosakkaritler, %0,06 Beta-Glukanlar Dahil), Potasyum Klorür, Yaban Mersini (kurutulmuş, %0,1), Kızılcık (kurutulmuş, %0,1), Yeşil Dudaklı Midye Özü, Kadife Çiçeği (kurutulmuş), Hindiba (kurutulmuş), Yuka Çiçeği (kurutulmuş)","A Vitamini 17.000 IU, D3 Vitamini 1.500 IU, E Vitamini 150 mg, Çinko (Çinko Oksit olarak) 30 mg, İyot (Kalsiyum İyot olarak, susuz) 2 mg, Selenyum (Sodyum Selenit olarak) 0,2 mg, Bakır (Bakır (II) Sülfat, Pentahidrat olarak) 10 mg, Taurin 1.900 mg, Çinko (Amino Asitlerin Çinko Şelat olarak) 40 mg, Antioksidanlar","Protein %32,0, Yağ İçeriği %15,0, Ham Lif %2,5, Ham Kül %7,2","EM Kcal/Kg 3844 - Mj/Kg 16,08"
Nutri feline,Somonlu Yetişkin,https://www.nutripetfoods.com/tr/kedi-urunleri/kuru-mamalar/yetiskin-kediler/somonlu-yetiskin-kedi-mamasi/,Somon,"Taze Kümes Hayvanları Eti (%20), Kümes Hayvanları Proteini (Kurutulmuş), Pirinç, Pirinç Unu, Taze Somon (%5), Taze Karaciğer (%5), Karaciğer Unu, Hidrolize Protein, Hayvansal Yağ, Kurutulmuş Pancar Küspesi, Keten Tohumu, Somon Yağı, Bezelye Lifi, Tam Yumurta (kurutulmuş) %0,5, Bezelye (kurutulmuş), Maya (kurutulmuş, %0,1 Mananoligosakkaritler, %0,06 Beta-Glukanlar dahil), Kalsiyum Karbonat, Potasyum Klorür, Kızılcık (kurutulmuş, %0,1), Yaban Mersini (Kurutulmuş, %0,1), Yeşil Dudaklı Midye Özü, Nergis Çiçeği (kurutulmuş), Hindiba (kurutulmuş), Yuka Çiçeği (kurutulmuş)","A Vitamini 17.000 IU, D3 Vitamini 1.500 IU, E Vitamini 150 mg, Çinko (Çinko Oksit olarak) 30 mg, İyot (Kalsiyum İyot olarak, susuz) 2 mg, Selenyum (Sodyum Selenit olarak) 0,2 mg, Bakır (Bakır (II) Sülfat, Pentahidrat olarak) 10 mg, Taurin 1.800 mg, Çinko (Amino Asitlerin Çinko Şelat olarak) 40 mg, Antioksidanlar","Protein %30,0, Yağ İçeriği %15,5, Ham Lif %2,5, Ham Kül %7,1","EM Kcal/Kg 3858 - Mj/Kg 16,14"
Nutri feline,Somonlu Kısırlaştırılmış,https://www.nutripetfoods.com/tr/kedi-urunleri/kuru-mamalar/kisir-kediler/kisirlastirilmis-kedi-mamasi-somonlu/,Somon,"Kümes Hayvanları Proteini (kurutulmuş), Taze Kümes Hayvanları Eti (%16), Patates Nişastası, Patates (kurutulmuş), Taze Somon (%5), Hidrolize Protein, Karaciğer Unu, Taze Karaciğer (%3,5), Kurutulmuş Pancar Küspesi, Bezelye Lifi, Selüloz Lifleri, Somon Yağı, Keten Tohumu, Hayvansal Yağ (kurutulmuş), Balık Unu, Tam Yumurta (kurutulmuş) %0,5, Bezelye (kurutulmuş), Maya (kurutulmuş, %0,1 Mannanoligosakkaritler, %0,06 Beta-Glukanlar dahil), Kalsiyum Karbonat, Potasyum Klorür, Kızılcık (kurutulmuş, %0,1), Yaban Mersini (kurutulmuş, %0,1), Yeşil Dudaklı Midye Özü, Nergis Çiçeği (kurutulmuş), Hindiba (kurutulmuş), Yuka Çiçeği (kurutulmuş)","A Vitamini 17.000 IU, D3 Vitamini 1.500 IU, E Vitamini 150 mg, Çinko (Çinko Oksit olarak) 30 mg, İyot (Kalsiyum İyot olarak, susuz) 2 mg, Selenyum (Sodyum Selenit olarak) 0,2 mg, Bakır (Bakır (II) Sülfat, Pentahidrat olarak) 10 mg, Taurin 1.900 mg, Çinko (Amino Asitlerin Çinko Şelat olarak) 40 mg, Antioksidanlar","Protein %30,0, Yağ İçeriği %9,0, Ham Lif %5,0, Ham Kül %7,6","EM Kcal/Kg 3440 - Mj/Kg 14,395"
Nutri feline,Kuzu Etli Kısırlaştırılmış,https://www.nutripetfoods.com/tr/kedi-urunleri/kuru-mamalar/kisir-kediler/kisirlastirilmis-kedi-mamasi-kuzu-etli/,Kuzu,"Kümes Hayvanları Proteini (kurutulmuş), Taze Kümes Hayvanları Eti (%16), Pirinç, Pirinç unu, Taze Kuzu (%5), Hidrolize Protein, Karaciğer Unu, Taze Karaciğer (%3,9), Kurutulmuş Pancar Küspesi, Bezelye Lifi, Selüloz Lifleri, Somon Yağı, Keten Tohumu, Hayvansal Yağ (kurutulmuş), Potasyum Klorür, Balık Unu, Tam Yumurta (kurutulmuş), Maya (kurutulmuş, %0,1 Mannanoligosakkaritler, %0,06 Beta-Glukanlar dahil), Kızılcık (kurutulmuş, %0,1), Yaban Mersini (kurutulmuş, %0,1), Yeşil Dudaklı Midye Özü, Nergis Çiçeği (kurutulmuş), Hindiba (kurutulmuş), Bezelye (kurutulmuş), Yuka Çiçeği (kurutulmuş)","A Vitamini 17.000 IU, D3 Vitamini 1.500 IU, E Vitamini 150 mg, Çinko (Çinko Oksit olarak) 30 mg, İyot (Kalsiyum İyot olarak, susuz) 2 mg, Selenyum (Sodyum Selenit olarak) 0,2 mg, Bakır (Bakır (II) Sülfat, Pentahidrat olarak) 10 mg, Taurin 1.550 mg, Çinko (Amino Asitlerin Çinko Şelat olarak) 40 mg, Antioksidanlar","Protein %31,0, Yağ İçeriği %9,0, Ham Lif %5,0, Ham Kül %7,6","EM Kcal/Kg 3368 - Mj/Kg 14,1"
Taste of wild,Canyon River,,Alabalık,"Alabalık (%19), Deniz balığı unu, Tatlı patates, Patates, Bezelye proteini, Patates proteini, Kanola yağı, Füme somon (%4), Hidrolize protein, Mineraller, Kurutulmuş hindiba kökü, Domates, Yaban mersini, Ahududu, Yucca schidigera ekstresi, Lactobacillus acidophilus, Bifidobacterium animalis, Lactobacillus reuteri inaktif","Vitamin A 10.000 IU/kg, Vitamin D3 750 IU/kg, Vitamin E 150 IU/kg, Taurin %0,1, Bakır (Bakır (II) şelat aminosit hidrat) 1,125 mg/kg, Bakır (Bakır (II) sülfat pentahidrat) 1,75 mg/kg, İyot (Potasyum iyodür) 1,782 mg/kg, Manganez (Manganez şelat aminosit hidrat) 2,1 mg/kg, Manganez (Manganez (II) oksit) 7,7 mg/kg, Manganez (Manganez sülfat monohidrat) 4,48 mg/kg, Çinko (Çinko şelat aminosit hidrat) 9 mg/kg, Çinko (Çinko sülfat monohidrat) 21,3 mg/kg, Selenyum (Sodyum selenit) 0,018 mg/kg","Protein %32,0, Yağ %16,0, Ham Lif %3,0, Ham Kül %8,0, Nem %10,0, Omega-6 %2,4, Omega-3 %0,3","EM Kcal/Kg 3741 - Mj/Kg 15,65"
Taste of wild,Rocky Mountain,,Tavuk,"Tavuk unu, Bezelye, Tatlı patates, Tavuk yağı (tokoferoller ile korunmuş), Patates proteini, Kavrulmuş geyik eti (%4), Füme somon (%4), Deniz balığı unu, Hidrolize protein, Kurutulmuş hindiba kökü, Domates, Yaban mersini, Ahududu, Yucca schidigera ekstresi, Lactobacillus acidophilus, Bifidobacterium animalis, Lactobacillus reuteri inaktif","Vitamin A 10.000 IU/kg, Vitamin D3 750 IU/kg, Vitamin E 150 IU/kg, Taurin %0,1, Bakır (Bakır (II) şelat aminosit hidrat) 1,125 mg/kg, Bakır (Bakır (II) sülfat pentahidrat) 1,75 mg/kg, İyot (Potasyum iyodür) 1,782 mg/kg, Manganez (Manganez şelat aminosit hidrat) 2,1 mg/kg, Manganez (Manganez (II) oksit) 7,7 mg/kg, Manganez (Manganez sülfat monohidrat) 4,48 mg/kg, Çinko (Çinko şelat aminosit hidrat) 9 mg/kg, Çinko (Çinko sülfat monohidrat) 21,3 mg/kg, Selenyum (Sodyum selenit) 0,018 mg/kg","Protein %42,0, Yağ %18,0, Ham Lif %3,0, Ham Kül %8,5, Nem %10,0, Omega-6 %2,8, Omega-3 %0,3","EM Kcal/Kg 3745 - Mj/Kg 15,67"
Mera,Finest&Fit Sterilized ,Mera Finest Fit Sterilised,,"Kümes hayvanı proteini (31%, kısmen kurutulmuş ve nemlendirilmiş), pirinç (22%), taze kümes hayvanı eti (15%), mısır gluteni, lignoselüloz (5.5%), pancar posası (3%), kümes hayvanı yağı, keten tohumu (1.5%), karaciğer hidrolizatı (1%, kurutulmuş), sodyum klorür, somon yağı (0.4%), ayçiçek yağı (0.25%), hindiba insülini (0.2%), psyllium kabukları (0.2%), maya hücre duvarları (kurutulmuş, = %0.042 beta glukan ve %0.038 mannan oligosakkarit), kalsiyum sülfat (susuz), kızılcık (0.1%), yucca schidigera tozu, glukozamin (0.02%), kondroitin sülfat (0.01%).","Vitamin A 20.000 IE, vitamin D3 1.600 IE, vitamin E 400 mg, vitamin C 200 mg, L-karnitin 100 mg, taurin 2.000 mg, bakır (bakır-II-sülfat, pentahidrat) 15 mg, çinko (çinko sülfat, monohidrat) 100 mg, çinko (çinko glisin şelatı, hidrat) 60 mg, demir (demir-(II)-sülfat, monohidrat) 250 mg, manganez (manganez-(II)-sülfat, monohidrat) 30 mg, iyot (kalsiyum iyodat, susuz) 2 mg, selenyum (sodyum selenit) 0.35 mg. Antioksidan","Protein %38, yağ içeriği %11, ham lif %6, ham kül %7.5, kalsiyum %1.3, fosfor %1, sodyum %0.6, magnezyum %0.09.","EM Kcal/Kg 3513 - Mj/Kg 14,70"
Mera,All Cats Adult,Mera Cats Adult Tavuklu,,"Tavuk proteini (kurutulmuş, %20'si ""Initiative Tierwohl"" refah çiftliklerinden), taze tavuk eti (%14), patates taneleri, bezelye, kümes hayvanları yağı, patates nişastası, hidrolize kümes hayvanları proteini, linyoselüloz (%3,5), şekerden arındırılmış pancar küspesi, bira mayası (kurutulmuş), keten tohumu, mineraller, somon yağı, ayçiçek yağı, hindiba inülini, yucca schidigera (%0,02)","Vitamin A 16.000 IE, vitamin D3 1.600 IE, vitamin E 300 mg, vitamin C 100 mg, taurin 2.000 mg, bakır (bakır (II) sülfat, pentahidrat olarak) 15 mg, çinko (çinko sülfat, monohidrat olarak) 130 mg, demir (demir (II) sülfat, monohidrat olarak) 220 mg, manganez (manganez (II) sülfat, monohidrat olarak) 35 mg, iyot (kalsiyum iyodat, anhidrat olarak) 1.8 mg, selenyum (sodyum selenit olarak) 0.4 mg. Antioksidan
"," Protein 32%, fat content 18%, crude fiber 4%, crude ash 8.5%, calcium 1.5%, phosphorus 1.15%, sodium 0.5%, magnesium 0.1%.","EM Kcal/Kg 3810 - Mj/Kg 15,94"
Mera,All Cats Adult,Mera Cats Adult Somonlu,,"Tavuk proteini (kuru, diğer şeylerin yanı sıra ""İnisiyatif Tierwohl"" çiftliklerinden %20), taze somon (14%), patates flakeleri, bezelye, patates nişastası, tavuk yağı, tavuk protein hidrolizatı, lignoselüloz (3.5%), şekerden arındırılmış pancar pulpası, keten tohumu, somon yağı (0.7%), bira mayası (kuru), mineraller, ayçiçeği yağı, hindiba inulini, yucca schidigera (0.02%).","Vitamin A 16.000 IE, vitamin D3 1.600 IE, vitamin E 300 mg, vitamin C 100 mg, taurin 2.000 mg, bakır (bakır (II) sülfat, pentahidrat olarak) 15 mg, çinko (çinko sülfat, monohidrat olarak) 130 mg, demir (demir (II) sülfat, monohidrat olarak) 220 mg, manganez (manganez (II) sülfat, monohidrat olarak) 35 mg, iyot (kalsiyum iyodat, anhidrat olarak) 1.8 mg, selenyum (sodyum selenit olarak) 0.4 mg. Antioksidan","Protein 32%, fat content 18%, crude fiber 4%, crude ash 8.5%, calcium 1.5%, phosphorus 1.15%, sodium 0.5%, magnesium 0.1%.","EM Kcal/Kg 3810 - Mj/Kg 15,94"
Mera,Sensitive Adult Tavuklu,Mera Cats Sensitive Adult Tavuklu,Tavuk,"Tavuk proteini (kurutulmuş, ""İnisiyatif Tierwohl"" çiftliklerinden %10 dahil), taze sığır eti (%14), sığır eti parçaları (%14, kurutulmuş), patates pulpu, patates nişastası, bezelye, tavuk yağı, tavuk proteini hidrolizatı, lignoselüloz, kurutulmuş pancar posası, keten tohumu, mineraller, bira mayası (kurutulmuş), somon yağı, ayçiçeği yağı, psyllium kabukları (%0.2), cikori inulini, maya hücre duvarları (%0.2, mannan-oligosakkaritler ve beta-glukanlar açısından zengin), şerbetçi otu ve üzüm çekirdeği ekstresi (flavonoitler açısından zengin), Yucca schidigera, hayvansal dokudan glukozamin (%0.02), kondroitin sülfat (%0.01).
‍","Vitamin A 16.000IE, vitamin D3 1.600IE, vitamin E 300mg, vitamin C 100mg, taurin 2.000mg, bakır (bakır (II) sülfat, pentahidrat olarak) 15mg, çinko (çinko sülfat, monohidrat olarak) 130mg, demir (demir (II) sülfat, monohidrat olarak) 220mg, manganez (manganez (II) sülfat, monohidrat olarak) 35mg, iyot (kalsiyum iyodat, anhidrat olarak) 1.8mg, selenyum (sodyum selenit olarak) 0.4mg. Antioksidan","Protein %30, Yağ içeriği %14, Ham lif %4, Kaba kül %6,5, Kalsiyum %1,1, Fosfor %0,68, Sodyum %0,35, Magnezyum %0,07.","EM Kcal/Kg 3680 - Mj/Kg 15,40"
Mera,Sensitive Adult Larvalı,Mera Cats Sensitive Adult Larvalı,Larva,"Tavuk proteini (kurutulmuş, %20'si ""Initiative Tierwohl"" çiftliklerinden), böcek proteini (%14, kurutulmuş, hermetia illucens larvaları), patates pulbiberi, patates nişastası, tavuk yağı, tavuk protein hidrolizatı, lignoselüloz, şekersiz pancar posası, keten tohumu, mineraller, somon yağı, ayçiçeği yağı, hindiba inulin (%0.2), maya hücre duvarları (%0.2, mannan-oligosakkaritler ve beta-glukanlar açısından zengin), psyllium kabukları, papatya çiçekleri, yucca schidigera.","Vitamin A 16.000IE, vitamin D3 1.600IE, vitamin E 300mg, vitamin C 100mg, taurin 2.000mg, bakır (bakır (II) sülfat, pentahidrat olarak) 15mg, çinko (çinko sülfat, monohidrat olarak) 130mg, demir (demir (II) sülfat, monohidrat olarak) 220mg, manganez (manganez (II) sülfat, monohidrat olarak) 35mg, iyot (kalsiyum iyodat, anhidrat olarak) 1.8mg, selenyum (sodyum selenit olarak) 0.4mg. Antioksidan","Protein %32, Yağ içeriği %16,5, Brüt lif %4, Brüt kül %8,2, Kalsiyum %1,5, Fosfor %1,1, Sodyum %0,5, Magnezyum %0,1.
","EM Kcal/Kg 3740 - Mj/Kg 15,65"
Sanabella,Adult Tavuklu,https://sanabellecatfood.com.tr/adult-cat-kumes-hayvanli/,Tavuk,"Taze kümes hayvanı eti (%25), kurutulmuş kümes hayvanları proteini, pirinç, pirinç unu, taze karaciğer (%5),  karaciğer unu, hidrolize protein, kurutulmuş şeker pancarı küspesi (şekeri alınmış), hayvansal yağ, keten tohumu, bezelye lifi,  somon yağ, kalsiyum karbonat, balık unu, yumurta tozu, kurutulmuş bezelye (%0,4), kuru maya (%0,1 mannanoligo sakkaritler, %0,06 beta-glukanlar dahil), potasyum klorür, kurutulmuş kızılcık (%0,1), kurutulmuş yaban mersini (%0,1),  kurutulmuş yeşil dudaklı midye, kurutulmuş kadife çiçeği, hindiba tozu, kurutulmuş yuka.","Vitamin A 17.000 I.U., Vitamin D3 1.500 I.U., Vitamin E 150 mg, Vitamin B1 20 mg, Vitamin B2 20 mg, Vitamin B6 20 mg, Vitamin B12 40 mcg, Biyotin 275 mcg, Pantotenik Asit 20 mg, Niyasin 80 mg, Taurin 2.000 mg, Folik Asit 2,0 mg, Kolin Klorür 2.450 mg, Çinko 70 mg (şelat ve oksit toplamı), Bakır 10 mg, İyot 2,0 mg, Selenyum 0,2 mg, Antioksidanlar.","Protein %31,00, Yağ Oranı %16,00, Ham Lif %2,50, Ham Kül %6,90, Fosfor %1,00, Kalsiyum %1,15, Sodyum %0,40, Potasyum %0,60, Magnezyum %0,07.","EM Kcal/Kg 3890 - Mj/Kg 16,28"
Sanabella,Adult Alabalıklı,https://sanabellecatfood.com.tr/adult-cat-alabalikli/,Alabalık,"Taze kümes hayvanı eti (%20), kurutulmuş kümes hayvanları proteini, pirinç, pirinç unu, taze alabalık (%5),  taze karaciğer (%5), karaciğer unu, hidrolize protein, hayvansal yağ, kurutulmuş şeker pancarı küspesi (şekeri alınmış) ,  keten tohumu, bezelye lifi, somon yağı, kalsiyum karbonat, yumurta tozu, kurutulmuş bezelye (%0.4),  kuru maya (%0,1 mannanoligo sakkaritler, %0,06 beta-glukanlar dahil), potasyum klorür, kurutulmuş kızılcık (%0,1) ), kurutulmuş yaban mersini (%0,1), kurutulmuş yeşil dudaklı midye, kurutulmuş kadife çiçeği, hindiba tozu, kurutulmuş yuka.","Vitamin A 17.000 I.U., Vitamin D3 1.500 I.U., Vitamin E 150 mg, Vitamin B1 20 mg, Vitamin B2 18 mg, Vitamin B6 20 mg, Vitamin B12 40 mcg, Biyotin 275 mcg, Pantotenik Asit 20 mg, Niyasin 80 mg, Taurin 2.000 mg, Folik Asit 2,0 mg, Kolin Klorür 2.450 mg, Çinko 70 mg (şelat ve oksit), Bakır 10 mg, İyot 2,0 mg, Selenyum 0,2 mg, Antioksidanlar.","Protein %31,00, Yağ Oranı %16,00, Ham Lif %2,50, Ham Kül %6,80, Fosfor %1,00, Kalsiyum %1,15, Sodyum %0,45, Potasyum %0,60, Magnezyum %0,07, Omega 3 Yağ Asitleri %0,70, Omega 6 Yağ Asitleri %2,20.","EM Kcal/Kg 3900 - Mj/Kg 16,32"
Sanabella,Light,https://sanabellecatfood.com.tr/light-kumes-hayvanli/,Tavuk,"Taze kümes hayvanı eti (%20), kurutulmuş kümes hayvanları proteini, pirinç, pirinç unu, taze karaciğer (%5), kurutulmuş şeker pancarı küspesi (şekeri alınmış), karaciğer unu, pirinç kepeği, hidrolize protein, bezelye lifi, selüloz (lif), somon yağı, keten tohumu, yumurta tozu, balık unu, kalsiyum karbonat, kurutulmuş bezelye (%0,4), kuru maya (%0,1 mannanoligo sakkaritler, %0,06 beta-glukanlar dahil), potasyum klorür, kurutulmuş kızılcık (%0,1), kurutulmuş yaban mersini (% 0,1), kurutulmuş yeşil dudaklı midye, kurutulmuş kadife çiçeği, hindiba tozu, kurutulmuş yuka.","Vitamin A 17.500 I.U., Vitamin D3 1.500 I.U., Vitamin B1 20 mg, Vitamin B2 20 mg, Vitamin B6 20 mg, Vitamin B12 40 mcg, Biyotin 275 mcg, Pantotenik Asit 20 mg, Niyasin 80 mg, Taurin 2.000 mg, Folik Asit 2,0 mg, Kolin Klorür 2.450 mg, Vitamin E 150 mg, Çinko 70 mg, Bakır 10 mg, İyot 2,0 mg, Selenyum 0,2 mg, Teknolojik Katkı Maddeleri: Antioksidanlar","Protein %29,00, Yağ Oranı %9,50, Ham Lif %5,50, Ham Kül %7,00, Fosfor %1,00, Kalsiyum %1,10, Sodyum %0,40, Potasyum %0,72, Magnezyum %0,08.","EM Kcal/Kg 3640 - Mj/Kg 15,23"
Sanabella,Sterilized,https://sanabellecatfood.com.tr/sterilized/,Tavuk,"Taze kümes hayvanı eti (%20), kurutulmuş kümes hayvanları proteini, patates nişastası (%18), kurutulmuş patates, taze karaciğer (%5), karaciğer unu, kurutulmuş şeker pancarı küspesi (şekeri alınmış), hidrolize protein, bezelye lifi, selüloz (lif), kurutulmuş greaves, keten tohumu, somon yağı, yumurta tozu, balık unu, kurutulmuş bezelye, kuru maya (%0,1 mannanoligo sakkaritler, %0,06 beta-glukanlar dahil), kalsiyum karbonat, potasyum klorür, kurutulmuş kızılcık, kurutulmuş yaban mersini, kurutulmuş yeşil dudaklı midye, kurutulmuş kadife çiçeği, hindiba tozu, kurutulmuş yuka.","Vitamin A 17.000 I.U., Vitamin D3 1.500 I.U., Vitamin B1 20 mg, Vitamin B2 20 mg, Vitamin B6 20 mg, Vitamin B12 40 mcg, Biyotin 275 mcg, Pantotenik Asit 20 mg, Niyasin 80 mg, Taurin 2.000 mg, Folik Asit 2,0 mg, Kolin Klorür 2.450 mg, Vitamin E 150 mg, Çinko (amino asit çinko şelat, hidrat olarak) 40 mg, Bakır (küprik sülfat olarak, pentahidrat) 10 mg, İyot (kalsiyum iyot olarak, kuru) 2,0 mg, Selenyum (sodyum selenit olarak) 0,2 mg, Çinko (çinko oksit olarak) 30 mg, Antioksidanlar","Protein %29,00, Yağ Oranı %9,50, Ham Lif %5,50, Ham Kül %6,80, Fosfor %1,00, Kalsiyum %1,10, Sodyum %0,40, Potasyum %0,72, Magnezyum %0,08, Et içeriği / hayvansal protein oranı %55,30, Hayvansal proteinin toplam proteine oranı %90,60","EM Kcal/Kg 3460 - Mj/Kg 14,48"
Sanabella,Sensitive Tavuklu,Sanabelle Sensitive - Kümes Hayvanlı,Tavuk,"Taze kümes hayvanı eti (%25), kurutulmuş kümes hayvanları proteini, pirinç, pirinç unu, hayvansal yağ, taze karaciğer (%5), karaciğer unu, hidrolize protein, kurutulmuş şeker pancarı küspesi (şekeri alınmış), keten tohumu, kurutulmuş greaves, bezelye lifi, somon yağı, kalsiyum karbonat, yumurta tozu, balık unu, kurutulmuş bezelye (%0,4), kuru maya (%0,1 mannanoligo sakkaritler, %0,06 beta-glukanlar dahil), potasyum klorür, kurutulmuş kızılcık (%0,1), kurutulmuş yaban mersini (% 0,1), kurutulmuş yeşil dudaklı midye, kurutulmuş kadife çiçeği, hindiba tozu, kurutulmuş yuka.","Vitamin A 17.500 I.U., Vitamin D3 1.500 I.U., Vitamin B1 20 mg, Vitamin B2 20 mg, Vitamin B6 20 mg, Vitamin B12 40 mcg, Biyotin 275 mcg, Pantotenik Asit 20 mg, Niyasin 80 mg, Taurin 2.000 mg, Folik Asit 2,0 mg, Kolin Klorür 2.450 mg, Vitamin E 150 mg, Çinko (amino asit çinko şelat, hidrat olarak) 40 mg, Bakır (küprik sülfat olarak, pentahidrat) 10 mg, İyot (kalsiyum iyot olarak, kuru) 2,0 mg, Selenyum (sodyum selenit olarak) 0,2 mg, Çinko (çinko oksit olarak) 30 mg, Antioksidanlar","Protein %32,50, Yağ Oranı %22,50, Ham Lif %2,50, Ham Kül %6,90, Fosfor %1,00, Kalsiyum %1,15, Sodyum %0,40, Potasyum %0,63, Magnezyum %0,08, Et içeriği / hayvansal protein oranı %57,00, Hayvansal proteinin toplam proteine oranı %86,30","EM Kcal/Kg 4200 - Mj/Kg 17,58"
Sanabella,Sensitive Kuzulu,Sanabelle Sensitive - Kuzu Etli,Kuzu,"Taze kümes hayvanı eti (%20), kurutulmuş kümes hayvanları proteini, pirinç, pirinç unu, hayvansal yağ, taze kuzu (%5), taze karaciğer (%5), karaciğer unu, hidrolize protein, kurutulmuş şeker pancarı küspesi (şekeri alınmış), patates proteini, keten tohumu, bezelye lifi, somon yağı, kalsiyum karbonat, yumurta tozu, balık unu, bezelye (kurutulmuş, %0.4), kuru maya (%0,1 mannanoligo sakkaritler, %0,06 beta-glukanlar dahil), potasyum klorür, kurutulmuş kızılcık (%0,1), kurutulmuş yaban mersini (%0,1), kurutulmuş yeşil dudaklı midye, kurutulmuş kadife çiçeği, hindiba tozu, kurutulmuş yuka.","Protein %32,50, Yağ Oranı %22,50, Ham Lif %2,50, Ham Kül %6,60, Fosfor %1,00, Kalsiyum %1,15, Sodyum %0,45, Potasyum %0,63, Magnezyum %0,08, Et içeriği / hayvansal protein oranı %59,20, Hayvansal proteinin toplam proteine oranı %83,80","Vitamin A 17.500 I.U., Vitamin D3 1.500 I.U., Vitamin B1 20 mg, Vitamin B2 20 mg, Vitamin B6 20 mg, Vitamin B12 40 mcg, Biyotin 275 mcg, Pantotenik Asit 20 mg, Niyasin 80 mg, Taurin 2.000 mg, Folik Asit 2,0 mg, Kolin Klorür 2.450 mg, Vitamin E 150 mg, Çinko (amino asit çinko şelat, hidrat olarak) 40 mg, Bakır (küprik sülfat olarak, pentahidrat) 10 mg, İyot (kalsiyum iyot olarak, kuru) 2,0 mg, Selenyum (sodyum selenit olarak) 0,2 mg, Çinko (çinko oksit olarak) 30 mg, Antioksidanlar","EM Kcal/Kg 4210 - Mj/Kg 17,62"
Sanabella,No Grain,Sanabelle No Grain - Kümes Hayvanlı,Tavuk,"Taze kümes hayvanı eti (%25), kurutulmuş kümes hayvanı proteini, kurutulmuş patates, patates nişastası (%14), taze karaciğer (%5), karaciğer unu, hidrolize protein, hayvansal yağ, kurutulmuş şeker pancarı küspesi (şekeri alınmış), keten tohumu, bezelye lifi, kurutulmuş greaves, somon yağı, yumurta tozu, balık unu, kurutulmuş bezelye (%0,4), kuru maya (%0,1 mannanoligo sakkaritler, %0,06 beta-glukanlar dahil), kalsiyum karbonat, kurutulmuş kızılcık (%0,1 %), kurutulmuş yaban mersini (% 0,1), kurutulmuş yeşil dudaklı midye, kurutulmuş kadife çiçeği, hindiba tozu, kurutulmuş yuka.","Vitamin A 17.000 I.U., Vitamin D3 1.500 I.U., Vitamin B1 20 mg, Vitamin B2 20 mg, Vitamin B6 20 mg, Vitamin B12 40 mcg, Biyotin 275 mcg, Pantotenik Asit 20 mg, Niyasin 80 mg, Taurin 2.000 mg, Folik Asit 2,0 mg, Kolin Klorür 2.450 mg, Vitamin E 150 mg, Çinko (amino asit çinko şelat, hidrat olarak) 40 mg, Bakır (küprik sülfat olarak, pentahidrat) 10 mg, İyot (kalsiyum iyot olarak, kuru) 2,0 mg, Selenyum (sodyum selenit olarak) 0,2 mg, Çinko (çinko oksit olarak) 30 mg, Antioksidanlar","Protein %31,00, Yağ Oranı %16,00, Ham Lif %2,50, Ham Kül %6,90, Fosfor %1,00, Kalsiyum %1,15, Sodyum %0,45, Potasyum %0,70, Magnezyum %0,08, Et içeriği / hayvansal protein oranı %57,60, Hayvansal proteinin toplam proteine oranı %89,90","EM Kcal/Kg 3890 - Mj/Kg 16,28"
Nature's protection,Sterilised Kümes Hayvanlı,,Tavuk,"Kümes hayvanları eti %42 (kurutulmuş ve ince öğütülmüş), Pirinç, Mısır, Mısır gluteni, Kümes hayvanları yağı, Pancar küspesi, Selüloz, Keten tohumu, Dinamik mikronize klinoptilolit (%1), Balık unu, Yumurta tozu, Hindiba özütü, Manan-oligosakkaritler (MOS), Yuka özütü, Kadife çiçeği unu","Vitamin A 25.000 IU, Vitamin D3 1.875 IU, Vitamin E 688 mg, Demir sülfat monohidrat 62,5 mg, Kalsiyum iyodat susuz 1,9 mg, Bakır sülfat pentahidrat 6,3 mg, Manganez sülfat monohidrat 25 mg, Çinko sülfat monohidrat 143,75 mg, Sodyum selenit 0,125 mg, Taurin 1.250 mg, L-karnitin 100 mg, Biberiye özütü, Tokoferol bakımından zengin bitkisel yağ özleri","Ham Protein %32,00, Ham Yağ %11,00, Ham Kül %6,00, Ham Lif %3,80, Kalsiyum %0,90, Fosfor %0,75, Potasyum %0,90, Sodyum %0,50, Magnezyum %0,06, Omega-3 %0,24, Omega-6 %2,58","EM Kcal/Kg 3433 - Mj/Kg 14,36"
Bozita,INDOOR & STERILISED – CHICKEN,https://bozita.com/cat-food/bozita-indoor-sterilised-grain-free-reindeer/,Tavuk,"Tavuk %28 (kurutulmuş tavuk proteini %24, taze hazırlanmış tavuk %4), buğday unu*, mısır*, kemik yağı %5, kurutulmuş domuz proteini %4, pirinç*, lignoselüloz* %4, balık unu %2, kurutulmuş pancar küspesi*, mineraller, kurutulmuş yumurta* %2, hidrolize protein, maya* (β-1,3/1,6-glukan %0,1 içerir).
*Doğal bileşenler","Vitamin A 25000IU, Vitamin D3 1800IU, Vitamin E 650mg, L-karnitin 50mg, Taurin 2000mg, DL-metiyonin 2000mg, Bakır (bakır(II)sülfat, pentahidrat) 10mg, Manganez (manganez(II)oksit) 7mg, Çinko (çinko sülfat, monohidrat) 70mg, İyot (kalsiyum iyodat, susuz) 0,5mg, Selenyum (selenyum mayası) 0,2mg, Antioksidanlar","Protein %32, Yağ içeriği %14, Ham Lif %3,5, Ham Kül %7 (Kalsiyum %1,2, Fosfor %1,1 ve Magnezyum %0,08 dahil), Omega-6 %2,0, Omega-3 %0,3, Nem %9","EM Kcal/Kg 3724 - Mj/Kg 15,58"
Bozita,INDOOR & STERILISED GRAIN FREE RECIPE WITH REINDEER,https://bozita.com/cat-food/bozita-indoor-sterilised-chicken/,Geyik,"Tavuk %27 (kurutulmuş tavuk proteini %23, taze hazırlanmış tavuk %4), kurutulmuş patates*, bezelye nişastası*, ren geyiği (taze hazırlanmış %7), kemik yağı %5, kurutulmuş domuz proteini %4, kurutulmuş sığır proteini %4, lignoselüloz* %4, kurutulmuş yumurta* %2, balık unu %2, hidrolize protein, kurutulmuş pancar lifi*, mineraller, hindiba inülini* (FOS %0,63), mannan oligosakkaritler* (MOS %0,2), maya* (β-1,3/1,6-glukan %0,1).
*Doğal bileşenler","Vitamin A 25000IU, Vitamin D3 1800IU, Vitamin E 650mg, L-karnitin 50mg, Taurin 2000mg, DL-metiyonin 2000mg, Biyotin 0,2mg, Bakır (bakır(II)sülfat, pentahidrat) 10mg, Manganez (manganez(II)oksit) 7mg, Çinko (çinko sülfat, monohidrat) 70mg, İyot (kalsiyum iyodat, susuz) 0,5mg, Selenyum (selenyum mayası) 0,2mg, Antioksidanlar","Protein %33, Yağ içeriği %14, Ham Lif %4,5, Ham Kül %7 (Kalsiyum %1,2, Fosfor %0,9 ve Magnezyum %0,08 dahil), Omega-6 %1,6, Omega-3 %0,3, Nem %9","EM Kcal/Kg 3683 - Mj/Kg 15,41"
Bravery,STERİLİZE TAVUKLU,https://www.amitypetmama.com/product-page/bravery-sterilize-tavuklu-kedi-mamasi-7-kg,Tavuk,"Suyu alınmış tavuk,Kanatlı yağ (AC bir kaynağı, yağlı Ω-6)., Karaciğer - tapyoka, bezelye, hidrolize tavuk proteini, maya ve maya, Saccharomyces cerevisiae (MOS ve β-glukan kaynak mannooligosakkarıtler) özü hidrolize tavuk, patates proteini, doğal selüloz (çözünmez lif kaynağı), tatlı patates, balık yağı (alternatif akım kaynağı. yağ Ω-3-EPA ve DHA), pancar hamuru, keçiboynuzu bakla, kurutulmuş bütün yumurta, mineraller, , Plantago ovata gelen ekstre edilmiş çözünür diyet lifi, uçucu yağlar glukozamin (kekik, tarçın, karanfil, kekik, biberiye, nane, yeşil çay), avize, hidrolize edilmiş kabuklu hayvanlar (kaynak - inülin (FOS çözünür lif hindiba, kaynak fosfooligosacáridos) )) kıkırdak (kondroitin kaynağını hidrolizeliyofilize kavun suyu konsantresi (süperoksit dismutaz bakımından zengin - SOD).","A vitamini 28.000 IU / kg, Vitamin D-3 1600 IU / kg vitamin E / kg 600 mg C vitamini, 300 mg / kg, Biyotin 2.600 mcg / kg, L-karnitin, 120 mg / ..... kg kolin klorür 3.220 mg / kg., Taurin 2000 mg / kg., Demir (demir sülfat monohidrat), 60 mg / kg., Demir (glisin hidrat demir çelat), 60 mg / kg, bakır (bakır sülfat pentahidrat) 5 mg / kg., bakır (metioninin hidroksi analogunun bakır şelat) 8 mg / kg'dır., manganez (manganez sülfat monohidrat) 12 mg / kg'dır., Mn (metioninin hidroksi analogunun mangan şelat) 18 mg / kg dır., çinko (çinko sülfat monohidrat), 50 mg / kg'dır. 70 mg / kg., iyot (potasyum iyodür) 3,8 mg / kg, çinko (metioninin hidroksi analogunun çinko şelat dahildir). Selenyum (Sodyum selenit) 0.05 mg / kg, Selenyum (selenometiyonin hidroksile analogu) 0.20 mg / kg. Teknolojik katkı maddeleri: Antioksidanlar doğal (tokoferolce zengin bitkisel yağlar).","Ham protein% 33.00, Ham yağ% 12.00, Ham selüloz% 5.00, Ham kül% 7.90, Kalsiyum% 1,20, Fosfor% 1.00, Sodyum% 0.75, Magnezyum 0 ,% 09, Nem oranı% 8.00, EPA + DHA% 0.50, Glukozamin hidroklorür 300mg / kg, Kondroitin sülfat 220mg / kg","EM Kcal/Kg 3575 - Mj/Kg 14,96"
Bravery,TAVUKLU,https://www.amitypetmama.com/product-page/bravery-tavuklu-kedi-mamasi-2-kg,Tavuk,"Suyu alınmış tavuk, tapyoka, tavuk yağı (AC bir kaynağı, yağlı Ω-6.), Bezelye proteini, hidrolize edilmiş tavuk, maya ve maya Saccharomyces cerevisiae (kaynak mannooligosakkarıtler - MOS ve β-glukan) özü, karaciğer bütün yumurta, kurutuldu hidrolize tavuk, patates, şeker pancarı küspesi, keçi boynuzu bakla, patates proteini, balık yağı (alternatif akım kaynağı. yağ Ω-3-EPA ve DHA), (kaynak çözünmez lif) doğal selüloz, mineraller, , Plantago ovata gelen ekstre edilmiş çözünür diyet lifi, uçucu yağlar glukozamin (kekik, tarçın, karanfil, kekik, biberiye, nane, yeşil çay), avize, hidrolize edilmiş kabuklu hayvanlar (kaynak - inülin (FOS çözünür lif hindiba, kaynak fosfooligosacáridos) ), kıkırdak hidrolisat (Chondroitin kaynağı),liyofilize kavun suyu konsantresi (süperoksit dismutaz bakımından zengin - SOD).","A vitamini 28.000 IU / kg, Vitamin D-3 1600 IU / kg vitamin E / kg 600 mg C vitamini, 300 mg / kg, Biyotin 2.600 mcg / kg, L-karnitin, 120 mg / ..... kg kolin klorür 3.220 mg / kg., Taurin 2000 mg / kg., Demir (demir sülfat monohidrat), 60 mg / kg., Demir (glisin hidrat demir çelat), 60 mg / kg, bakır (bakır sülfat pentahidrat) 5 mg / kg., bakır (metioninin hidroksi analogunun bakır şelat) 8 mg / kg'dır., manganez (manganez sülfat monohidrat) 12 mg / kg'dır., Mn (metioninin hidroksi analogunun mangan şelat) 18 mg / kg dır., çinko (çinko sülfat monohidrat), 50 mg / kg'dır. 70 mg / kg., iyot (potasyum iyodür) 3,8 mg / kg, çinko (metioninin hidroksi analogunun çinko şelat dahildir). Selenyum (Sodyum selenit) 0.05 mg / kg, Selenyum (selenometiyonin hidroksile analogu) 0.20 mg / kg. Teknolojik katkı maddeleri: Antioksidanlar doğal (tokoferolce zengin bitkisel yağlar).","Ham protein% 32.00, Brüt yağ% 16.00, Ham selüloz 3.70%, Ham kül% 8.20, Kalsiyum% 1.30, Fosfor% 1.10, Sodyum% 0.70, Magnezyum 0 ,% 09, Nem oranı% 8,00, EPA + DHA% 0.38, Glukozamin hidroklorür 300mg / kg, Kondroitin sülfat 220 mg / kg","EM Kcal/Kg 3795 - Mj/Kg 15,88"
Bravery,STERİLİZED SOMONLU,https://www.amitypetmama.com/product-page/bravery-sterilize-tavuklu-kedi-mamasi-2-kg,Somon,"Kurutulmuş somon balığı,tapyoka, bezelye, hidrolize somon proteini, patates proteini, kümes hayvanları yağ (AC bir kaynağı, yağlı Ω-6.), Maya ve maya Saccharomyces cerevisiae (kaynak mannooligosakkarıtler - MOS ve β-glukan) özü doğal selüloz, tatlı patates, şeker pancarı küspesi, keçiboynuzu bakla yağı, somon (çözünmez lif kaynağı) (kaynak AC yağ Ω-3-EPA ve DHA)., mineraller, inulin (çözülebilir lif hindiba fosfooligosacáridos kaynağı - FOS), kondroitin Plantago ovata, uçucu yağlar (kekik, tarçın, karanfil, kekik, biberiye, nane, yeşil çay), glukozamin yuka, hidrolize kabuklular (kaynak), hidrolize kıkırdaktan ekstre edilmiş çözünür diyet lifi (kaynak) liyofilize kavun suyu konsantresi (süperoksit dismutaz bakımından zengin - SOD).","A vitamini 28.000 IU / kg, Vitamin D-3 1600 IU / kg vitamin E / kg 600 mg C vitamini, 300 mg / kg, Biyotin 2.600 mcg / kg, L-karnitin, 120 mg / ..... kg kolin klorür 3.220 mg / kg., Taurin 2000 mg / kg., Demir (demir sülfat monohidrat), 60 mg / kg., Demir (glisin hidrat demir çelat), 60 mg / kg, bakır (bakır sülfat pentahidrat) 5 mg / kg., bakır (metioninin hidroksi analogunun bakır şelat) 8 mg / kg'dır., manganez (manganez sülfat monohidrat) 12 mg / kg'dır., Mn (metioninin hidroksi analogunun mangan şelat) 18 mg / kg dır., çinko (çinko sülfat monohidrat), 50 mg / kg'dır. 70 mg / kg., iyot (potasyum iyodür) 3,8 mg / kg, çinko (metioninin hidroksi analogunun çinko şelat dahildir). Selenyum (Sodyum selenit) 0.05 mg / kg, Selenyum (selenometiyonin hidroksile analogu) 0.20 mg / kg. Doğal antioksidanlar (Tokoferol açısından zengin bitkisel yağlar).","Ham protein% 33.00, Brüt yağ% 12.00, Ham selüloz% 5.00, Ham külü% 7.90, Kalsiyum% 1.00, Fosfor% 0.90, Sodyum% 0,75, Magnezyum 0 ,% 09, Nem oranı% 8.00, EPA + DHA% 0.50, Glukozamin hidroklorür 300mg / kg, Kondroitin sülfat 220mg / kg","EM Kcal/Kg 3575 - Mj/Kg 14,96"
Bravery,SOMON,https://www.amitypetmama.com/product-page/bravery-somon-balikli-kedi-mamasi-7-kg,Somon,"Kurutulmuş somon balığı, tapyoka, tavuk yağı (AC bir kaynağı, yağlı Ω-6)., Bezelye, hidrolize somon proteini, patates proteini, maya ve maya Saccharomyces cerevisiae (kaynak mannooligosakkarıtler - MOS ve β-glukan) özü , pancar küspesi, keçi boynuzu bakla, tatlı patates, som balığı yağı (kaynak AC yağ Ω-3-EPA ve DHA)., mineraller, doğal selüloz (çözünmez lif kaynağı), inülin (çözülebilir lif hindiba fosfooligosacáridos kaynağı - FOS), kondroitin Plantago ovata, uçucu yağlar (kekik, tarçın, karanfil, kekik, biberiye, nane, yeşil çay), glukozamin yuka, hidrolize kabuklular (kaynak), hidrolize kıkırdaktan ekstre edilmiş çözünür diyet lifi (kaynak) liyofilize kavun suyu konsantresi (süperoksit dismutaz bakımından zengin - SOD)","A vitamini 28.000 IU / kg, Vitamin D-3 1600 IU / kg vitamin E / kg 600 mg C vitamini, 300 mg / kg, Biyotin 2.600 mcg / kg, L-karnitin, 120 mg / ..... kg kolin klorür 3.220 mg / kg., Taurin 2000 mg / kg., Demir (demir sülfat monohidrat), 60 mg / kg., Demir (glisin hidrat demir çelat), 60 mg / kg, bakır (bakır sülfat pentahidrat) 5 mg / kg., bakır (metioninin hidroksi analogunun bakır şelat) 8 mg / kg'dır., manganez (manganez sülfat monohidrat) 12 mg / kg'dır., Mn (metioninin hidroksi analogunun mangan şelat) 18 mg / kg dır., çinko (çinko sülfat monohidrat), 50 mg / kg'dır. 70 mg / kg., iyot (potasyum iyodür) 3,8 mg / kg, çinko (metioninin hidroksi analogunun çinko şelat dahildir). Selenyum (Sodyum selenit) 0.05 mg / kg, Selenyum (selenometiyonin hidroksile analogu) 0.20 mg / kg. Antioksidanlar doğal (tokoferolce zengin bitkisel yağlar).","Ham protein% 32.00, Brüt yağ% 16.00, Ham selüloz% 3.70, Ham kül% 8.20, Kalsiyum% 1.00, Fosfor% 1.00, Sodyum% 0,60, Magnezyum 0 ,% 09, Nem oranı% 8,00, EPA + DHA% 0,52, Glukozamin hidroklorür 300 mg / kg, Kondroitin sülfat 220 mg / kg","EM Kcal/Kg 3795 - Mj/Kg 15,88"
Exclusion,Monoprotein Tavuklu ve Narlı Düşük Tahıllı Yetişkin,https://www.exclusion.it/en/products/ga/me-ga/ng-me-ga/st/chi-st/noble-graincat-sterilized-chicken/,Tavuk,"Kurutulmuş tavuk (%32), bezelye, pirinç, domuz yağı, kurutulmuş hindiba posası, maya, düşük moleküler ağırlıklı hidrolize hayvansal proteinler, odun maddeleri (%2), somon yağı (%1), psyllium (karnıyarık otu) kabukları ve tohumları (%0,5), sodyum klorür, frukto-oligosakkaritler (%0,3), mannan-oligosakkaritler (%0,2), kurutulmuş nar (%0,1), kurutulmuş yaban mersini (%0,1), kurutulmuş böğürtlen (%0,1), kurutulmuş kırmızı ahududu (%0,1), mojave yukası (yucca).","Vit. A 22.700 IU, Vit. D3 890 IU, Vit. E 730 mg, Vit. C 230 mg, Vit. B1 12 mg, Vit. B2 24 mg, Vit. B3 22,5 mg, Vit. B6 5,5 mg, Vit. B12 0,1 mg, folik asit 2,2 mg, Vit. H 0,1 mg, betain 2.100 mg, amino asitler hidratın bakır şelatı (bakır 3,5 mg), amino asitler hidratın çinko şelatı (çinko 45 mg), amino asitler hidratın mangan şelatı (mangan 3,6 mg), inaktif selenize maya Saccharomyces cerevisiae NCYC R397 (selenyum 0,18 mg), amino asitler hidratın demir şelatı (demir 25 mg), potasyum iyodür (iyot 2 mg), taurin 2.000 mg, DL-metiyonin 220 mg, L-karnitin 300 mg.: Bitkisel yağlardan elde edilen tokoferol ekstraktları 160 mg.","Ham protein% 33.00, Brüt yağ% 12.00, Ham selüloz% 5.00, Ham külü% 7.90, Kalsiyum% 1.00, Fosfor% 0.90, Sodyum% 0,75, Magnezyum 0 ,% 09, Nem oranı% 8.00, EPA + DHA% 0.50, Glukozamin hidroklorür 300mg / kg, Kondroitin sülfat 220mg / kg",EM Kcal/Kg 3575 - Mj/Kg 14